Username,Last name,First name,Email address,Status,Started,Completed,Duration,Grade/100.00,Question 1,Response 1,Right answer 1,Question 2,Response 2,Right answer 2
id_68247223,Flowers,Brittany,b.flowers@student.example.com,Finished,25 July 2025  5:07 PM,25 July 2025  5:13 PM,5 mins 58 secs,100.0,"   \({\left[ \text{a6} , \text{h2} , \text{a7} , \text{a4} , \text{a2} , \text{h7} , \text{h4} , \text{h6} \right]}\)         ","Seed: 752144; ans1: ""{\""used\"":[[[\""a6\"",\""a4\"",\""a7\"",\""a2\""]],[[\""h2\"",\""h4\"",\""h7\"",\""h6\""]]],\""available\"":[]}"" [score]; prt1: # = 1 | prt1-1-T | prt1-5-T","Seed: 752144; ans1: ""[\""a1\"",\""a2\"",\""a3\"",\""a4\"",\""a5\"",\""a6\"",\""a7\""],[\""h1\"",\""h2\"",\""h3\"",\""h4\"",\""h5\"",\""h6\"",\""h7\""]"" [score]; prt1: [RUNTIME_FV_ERROR] # = 0 | apply: second argument must be a list; found: a2[2][1][1]   |intersection: argument must be a set; found: a2[2][1][1]|intersection: argument must be a set; found: a2[2][2][1] | prt1-1-F | prt1-2-F | prt1-3-F | prt1-4-F | prt1-5-F | prt1-6-F | prt1-7-F | prt1-8-F",Project C,False,False
id_98909797,Berry,George,g.berry@student.example.com,Finished,25 July 2025  5:07 PM,25 July 2025  5:12 PM,5 mins 8 secs,100.0,"   \({\left[ \text{h2} , \text{a4} , \text{h4} , \text{h3} , \text{a2} , \text{h5} , \text{a3} , \text{a5} \right]}\)         ","Seed: 659123; ans1: ""{\""used\"":[[[\""a3\"",\""a5\"",\""a2\"",\""a4\""]],[[\""h3\"",\""h5\"",\""h2\"",\""h4\""]]],\""available\"":[]}"" [score]; prt1: # = 1 | prt1-1-T | prt1-5-T","Seed: 659123; ans1: ""[\""a1\"",\""a2\"",\""a3\"",\""a4\"",\""a5\"",\""a6\"",\""a7\""],[\""h1\"",\""h2\"",\""h3\"",\""h4\"",\""h5\"",\""h6\"",\""h7\""]"" [score]; prt1: [RUNTIME_FV_ERROR] # = 0 | apply: second argument must be a list; found: a2[2][1][1]   |intersection: argument must be a set; found: a2[2][1][1]|intersection: argument must be a set; found: a2[2][2][1] | prt1-1-F | prt1-2-F | prt1-3-F | prt1-4-F | prt1-5-F | prt1-6-F | prt1-7-F | prt1-8-F",Project B,False,False
id_34152306,Bridges,Joseph,j.bridges@student.example.com,Finished,25 July 2025  5:07 PM,25 July 2025  5:12 PM,5 mins 9 secs,100.0,"   \({\left[ \text{h5} , \text{a7} , \text{h2} , \text{a2} , \text{a5} , \text{a4} , \text{h4} , \text{h7} \right]}\)         ","Seed: 22451; ans1: ""{\""used\"":[[[\""a7\"",\""a2\"",\""a5\"",\""a4\""]],[[\""h7\"",\""h2\"",\""h5\"",\""h4\""]]],\""available\"":[]}"" [score]; prt1: # = 1 | prt1-1-T | prt1-5-T","Seed: 22451; ans1: ""[\""a1\"",\""a2\"",\""a3\"",\""a4\"",\""a5\"",\""a6\"",\""a7\""],[\""h1\"",\""h2\"",\""h3\"",\""h4\"",\""h5\"",\""h6\"",\""h7\""]"" [score]; prt1: [RUNTIME_FV_ERROR] # = 0 | apply: second argument must be a list; found: a2[2][1][1]   |intersection: argument must be a set; found: a2[2][1][1]|intersection: argument must be a set; found: a2[2][2][1] | prt1-1-F | prt1-2-F | prt1-3-F | prt1-4-F | prt1-5-F | prt1-6-F | prt1-7-F | prt1-8-F",Project A,True,True
id_51713999,Rivera,Tyler,t.rivera@student.example.com,Finished,25 July 2025  7:07 PM,25 July 2025  7:24 PM,16 mins 36 secs,100.0,"   \({\left[ \text{a3} , \text{h6} , \text{h7} , \text{a6} , \text{h5} , \text{a5} , \text{a7} , \text{h3} \right]}\)         ","Seed: 707173; ans1: ""{\""used\"":[[[\""a3\"",\""a6\"",\""a7\"",\""a5\""]],[[\""h3\"",\""h6\"",\""h7\"",\""h5\""]]],\""available\"":[]}"" [score]; prt1: # = 1 | prt1-1-T | prt1-5-T","Seed: 707173; ans1: ""[\""a1\"",\""a2\"",\""a3\"",\""a4\"",\""a5\"",\""a6\"",\""a7\""],[\""h1\"",\""h2\"",\""h3\"",\""h4\"",\""h5\"",\""h6\"",\""h7\""]"" [score]; prt1: [RUNTIME_FV_ERROR] # = 0 | apply: second argument must be a list; found: a2[2][1][1]   |intersection: argument must be a set; found: a2[2][1][1]|intersection: argument must be a set; found: a2[2][2][1] | prt1-1-F | prt1-2-F | prt1-3-F | prt1-4-F | prt1-5-F | prt1-6-F | prt1-7-F | prt1-8-F",Project C,False,False
id_33071753,Thomas,David,d.thomas@student.example.com,Finished,25 July 2025  8:07 PM,25 July 2025  8:09 PM,1 min 31 secs,100.0,"   \({\left[ \text{h4} , \text{h5} , \text{h7} , \text{h1} , \text{a7} , \text{a5} , \text{a4} , \text{a1} \right]}\)         ","Seed: 321787; ans1: ""{\""used\"":[[[\""a5\"",\""a7\"",\""a4\"",\""a1\""]],[[\""h4\"",\""h5\"",\""h7\"",\""h1\""]]],\""available\"":[]}"" [score]; prt1: # = 1 | prt1-1-T | prt1-5-T","Seed: 321787; ans1: ""[\""a1\"",\""a2\"",\""a3\"",\""a4\"",\""a5\"",\""a6\"",\""a7\""],[\""h1\"",\""h2\"",\""h3\"",\""h4\"",\""h5\"",\""h6\"",\""h7\""]"" [score]; prt1: [RUNTIME_FV_ERROR] # = 0 | apply: second argument must be a list; found: a2[2][1][1]   |intersection: argument must be a set; found: a2[2][1][1]|intersection: argument must be a set; found: a2[2][2][1] | prt1-1-F | prt1-2-F | prt1-3-F | prt1-4-F | prt1-5-F | prt1-6-F | prt1-7-F | prt1-8-F",Project B,False,False
id_50984896,Reyes,Kimberly,k.reyes@student.example.com,Finished,25 July 2025  8:12 PM,25 July 2025  9:13 PM,1 hour 1 min,100.0,"   \({\left[ \text{h5} , \text{h2} , \text{a5} , \text{a7} , \text{h7} , \text{a3} , \text{a2} , \text{h3} \right]}\)         ","Seed: 310019; ans1: ""{\""used\"":[[[\""a5\"",\""a7\"",\""a3\"",\""a2\""]],[[\""h5\"",\""h2\"",\""h7\"",\""h3\""]]],\""available\"":[]}"" [score]; prt1: # = 1 | prt1-1-T | prt1-5-T","Seed: 310019; ans1: ""[\""a1\"",\""a2\"",\""a3\"",\""a4\"",\""a5\"",\""a6\"",\""a7\""],[\""h1\"",\""h2\"",\""h3\"",\""h4\"",\""h5\"",\""h6\"",\""h7\""]"" [score]; prt1: [RUNTIME_FV_ERROR] # = 0 | apply: second argument must be a list; found: a2[2][1][1]   |intersection: argument must be a set; found: a2[2][1][1]|intersection: argument must be a set; found: a2[2][2][1] | prt1-1-F | prt1-2-F | prt1-3-F | prt1-4-F | prt1-5-F | prt1-6-F | prt1-7-F | prt1-8-F",Project C,False,False
id_71787801,Hicks,Andre,a.hicks@student.example.com,Finished,25 July 2025  8:33 PM,26 July 2025  12:14 PM,15 hours 40 mins,100.0,"   \({\left[ \text{h2} , \text{a5} , \text{h3} , \text{a3} , \text{h5} , \text{h7} , \text{a7} , \text{a2} \right]}\)         ","Seed: 39905; ans1: ""{\""used\"":[[[\""a2\"",\""a3\"",\""a7\"",\""a5\""]],[[\""h2\"",\""h3\"",\""h7\"",\""h5\""]]],\""available\"":[]}"" [score]; prt1: # = 1 | prt1-1-T | prt1-5-T","Seed: 39905; ans1: ""[\""a1\"",\""a2\"",\""a3\"",\""a4\"",\""a5\"",\""a6\"",\""a7\""],[\""h1\"",\""h2\"",\""h3\"",\""h4\"",\""h5\"",\""h6\"",\""h7\""]"" [score]; prt1: [RUNTIME_FV_ERROR] # = 0 | apply: second argument must be a list; found: a2[2][1][1]   |intersection: argument must be a set; found: a2[2][1][1]|intersection: argument must be a set; found: a2[2][2][1] | prt1-1-F | prt1-2-F | prt1-3-F | prt1-4-F | prt1-5-F | prt1-6-F | prt1-7-F | prt1-8-F",Project A,True,True
id_47915105,Moore,Michelle,m.moore@student.example.com,Finished,25 July 2025  9:53 PM,25 July 2025  10:03 PM,10 mins 6 secs,100.0,"   \({\left[ \text{a2} , \text{a4} , \text{h1} , \text{h2} , \text{h4} , \text{a5} , \text{h5} , \text{a1} \right]}\)         ","Seed: 547728; ans1: ""{\""used\"":[[[\""a1\"",\""a4\"",\""a5\"",\""a2\""]],[[\""h1\"",\""h4\"",\""h5\"",\""h2\""]]],\""available\"":[]}"" [score]; prt1: # = 1 | prt1-1-T | prt1-5-T","Seed: 547728; ans1: ""[\""a1\"",\""a2\"",\""a3\"",\""a4\"",\""a5\"",\""a6\"",\""a7\""],[\""h1\"",\""h2\"",\""h3\"",\""h4\"",\""h5\"",\""h6\"",\""h7\""]"" [score]; prt1: [RUNTIME_FV_ERROR] # = 0 | apply: second argument must be a list; found: a2[2][1][1]   |intersection: argument must be a set; found: a2[2][1][1]|intersection: argument must be a set; found: a2[2][2][1] | prt1-1-F | prt1-2-F | prt1-3-F | prt1-4-F | prt1-5-F | prt1-6-F | prt1-7-F | prt1-8-F",Project C,False,False
id_79192121,Mercado,Donald,d.mercado@student.example.com,Finished,26 July 2025  10:25 AM,26 July 2025  10:27 AM,1 min 46 secs,100.0,"   \({\left[ \text{a1} , \text{a5} , \text{h6} , \text{h4} , \text{h1} , \text{a6} , \text{a4} , \text{h5} \right]}\)         ","Seed: 103602; ans1: ""{\""used\"":[[[\""a1\"",\""a6\"",\""a5\"",\""a4\""]],[[\""h6\"",\""h4\"",\""h1\"",\""h5\""]]],\""available\"":[]}"" [score]; prt1: # = 1 | prt1-1-T | prt1-5-T","Seed: 103602; ans1: ""[\""a1\"",\""a2\"",\""a3\"",\""a4\"",\""a5\"",\""a6\"",\""a7\""],[\""h1\"",\""h2\"",\""h3\"",\""h4\"",\""h5\"",\""h6\"",\""h7\""]"" [score]; prt1: [RUNTIME_FV_ERROR] # = 0 | apply: second argument must be a list; found: a2[2][1][1]   |intersection: argument must be a set; found: a2[2][1][1]|intersection: argument must be a set; found: a2[2][2][1] | prt1-1-F | prt1-2-F | prt1-3-F | prt1-4-F | prt1-5-F | prt1-6-F | prt1-7-F | prt1-8-F",Project A,True,True
id_22679892,Parsons,James,j.parsons@student.example.com,Finished,26 July 2025  10:37 AM,26 July 2025  10:57 AM,20 mins 1 sec,100.0,"   \({\left[ \text{a6} , \text{h3} , \text{h6} , \text{a1} , \text{a4} , \text{h4} , \text{h1} , \text{a3} \right]}\)         ","Seed: 683619; ans1: ""{\""used\"":[[[\""a6\"",\""a1\"",\""a3\"",\""a4\""]],[[\""h3\"",\""h4\"",\""h6\"",\""h1\""]]],\""available\"":[]}"" [score]; prt1: # = 1 | prt1-1-T | prt1-5-T","Seed: 683619; ans1: ""[\""a1\"",\""a2\"",\""a3\"",\""a4\"",\""a5\"",\""a6\"",\""a7\""],[\""h1\"",\""h2\"",\""h3\"",\""h4\"",\""h5\"",\""h6\"",\""h7\""]"" [score]; prt1: [RUNTIME_FV_ERROR] # = 0 | apply: second argument must be a list; found: a2[2][1][1]   |intersection: argument must be a set; found: a2[2][1][1]|intersection: argument must be a set; found: a2[2][2][1] | prt1-1-F | prt1-2-F | prt1-3-F | prt1-4-F | prt1-5-F | prt1-6-F | prt1-7-F | prt1-8-F",Project C,False,False
id_67127448,Thompson,Anne,a.thompson@student.example.com,Finished,26 July 2025  11:15 AM,26 July 2025  12:00 PM,45 mins 10 secs,100.0,"   \({\left[ \text{a5} , \text{h6} , \text{a6} , \text{h7} , \text{a2} , \text{h2} , \text{h5} , \text{a7} \right]}\)         ","Seed: 847854; ans1: ""{\""used\"":[[[\""a5\"",\""a7\"",\""a2\"",\""a6\""]],[[\""h6\"",\""h2\"",\""h5\"",\""h7\""]]],\""available\"":[]}"" [score]; prt1: # = 1 | prt1-1-T | prt1-5-T","Seed: 847854; ans1: ""[\""a1\"",\""a2\"",\""a3\"",\""a4\"",\""a5\"",\""a6\"",\""a7\""],[\""h1\"",\""h2\"",\""h3\"",\""h4\"",\""h5\"",\""h6\"",\""h7\""]"" [score]; prt1: [RUNTIME_FV_ERROR] # = 0 | apply: second argument must be a list; found: a2[2][1][1]   |intersection: argument must be a set; found: a2[2][1][1]|intersection: argument must be a set; found: a2[2][2][1] | prt1-1-F | prt1-2-F | prt1-3-F | prt1-4-F | prt1-5-F | prt1-6-F | prt1-7-F | prt1-8-F",Project C,False,False
id_29232207,Hernandez,Larry,l.hernandez@student.example.com,Finished,26 July 2025  11:36 AM,26 July 2025  11:37 AM,1 min 33 secs,100.0,"   \({\left[ \text{h3} , \text{h5} , \text{a2} , \text{a5} , \text{a7} , \text{h2} , \text{h7} , \text{a3} \right]}\)         ","Seed: 718516; ans1: ""{\""used\"":[[[\""a2\"",\""a3\"",\""a7\"",\""a5\""]],[[\""h2\"",\""h3\"",\""h7\"",\""h5\""]]],\""available\"":[]}"" [score]; prt1: # = 1 | prt1-1-T | prt1-5-T","Seed: 718516; ans1: ""[\""a1\"",\""a2\"",\""a3\"",\""a4\"",\""a5\"",\""a6\"",\""a7\""],[\""h1\"",\""h2\"",\""h3\"",\""h4\"",\""h5\"",\""h6\"",\""h7\""]"" [score]; prt1: [RUNTIME_FV_ERROR] # = 0 | apply: second argument must be a list; found: a2[2][1][1]   |intersection: argument must be a set; found: a2[2][1][1]|intersection: argument must be a set; found: a2[2][2][1] | prt1-1-F | prt1-2-F | prt1-3-F | prt1-4-F | prt1-5-F | prt1-6-F | prt1-7-F | prt1-8-F",Project C,False,False
id_96412727,Palmer,Valerie,v.palmer@student.example.com,Finished,26 July 2025  12:25 PM,26 July 2025  12:26 PM,1 min 14 secs,100.0,"   \({\left[ \text{a2} , \text{h2} , \text{a7} , \text{h7} , \text{h1} , \text{a4} , \text{h4} , \text{a1} \right]}\)         ","Seed: 743339; ans1: ""{\""used\"":[[[\""a2\"",\""a7\"",\""a4\"",\""a1\""]],[[\""h2\"",\""h7\"",\""h1\"",\""h4\""]]],\""available\"":[]}"" [score]; prt1: # = 1 | prt1-1-T | prt1-5-T","Seed: 743339; ans1: ""[\""a1\"",\""a2\"",\""a3\"",\""a4\"",\""a5\"",\""a6\"",\""a7\""],[\""h1\"",\""h2\"",\""h3\"",\""h4\"",\""h5\"",\""h6\"",\""h7\""]"" [score]; prt1: [RUNTIME_FV_ERROR] # = 0 | apply: second argument must be a list; found: a2[2][1][1]   |intersection: argument must be a set; found: a2[2][1][1]|intersection: argument must be a set; found: a2[2][2][1] | prt1-1-F | prt1-2-F | prt1-3-F | prt1-4-F | prt1-5-F | prt1-6-F | prt1-7-F | prt1-8-F",Project A,True,True
id_61318179,Davis,Julia,j.davis@student.example.com,Finished,26 July 2025  12:39 PM,26 July 2025  12:40 PM,1 min 17 secs,100.0,"   \({\left[ \text{a3} , \text{h1} , \text{a7} , \text{a6} , \text{h7} , \text{h3} , \text{a1} , \text{h6} \right]}\)         ","Seed: 480715; ans1: ""{\""used\"":[[[\""a3\"",\""a7\"",\""a1\"",\""a6\""]],[[\""h1\"",\""h7\"",\""h3\"",\""h6\""]]],\""available\"":[]}"" [score]; prt1: # = 1 | prt1-1-T | prt1-5-T","Seed: 480715; ans1: ""[\""a1\"",\""a2\"",\""a3\"",\""a4\"",\""a5\"",\""a6\"",\""a7\""],[\""h1\"",\""h2\"",\""h3\"",\""h4\"",\""h5\"",\""h6\"",\""h7\""]"" [score]; prt1: [RUNTIME_FV_ERROR] # = 0 | apply: second argument must be a list; found: a2[2][1][1]   |intersection: argument must be a set; found: a2[2][1][1]|intersection: argument must be a set; found: a2[2][2][1] | prt1-1-F | prt1-2-F | prt1-3-F | prt1-4-F | prt1-5-F | prt1-6-F | prt1-7-F | prt1-8-F",Project C,False,False
id_83845735,Smith,Tracy,t.smith@student.example.com,Finished,26 July 2025  1:41 PM,26 July 2025  1:48 PM,6 mins 46 secs,100.0,"   \({\left[ \text{h3} , \text{a2} , \text{h6} , \text{a5} , \text{h5} , \text{a3} , \text{a6} , \text{h2} \right]}\)         ","Seed: 435045; ans1: ""{\""used\"":[[[\""a2\"",\""a3\"",\""a5\"",\""a6\""]],[[\""h3\"",\""h6\"",\""h2\"",\""h5\""]]],\""available\"":[]}"" [score]; prt1: # = 1 | prt1-1-T | prt1-5-T","Seed: 435045; ans1: ""[\""a1\"",\""a2\"",\""a3\"",\""a4\"",\""a5\"",\""a6\"",\""a7\""],[\""h1\"",\""h2\"",\""h3\"",\""h4\"",\""h5\"",\""h6\"",\""h7\""]"" [score]; prt1: [RUNTIME_FV_ERROR] # = 0 | apply: second argument must be a list; found: a2[2][1][1]   |intersection: argument must be a set; found: a2[2][1][1]|intersection: argument must be a set; found: a2[2][2][1] | prt1-1-F | prt1-2-F | prt1-3-F | prt1-4-F | prt1-5-F | prt1-6-F | prt1-7-F | prt1-8-F",Project A,True,True
id_22624592,Smith,Jon,j.smith@student.example.com,Finished,26 July 2025  3:09 PM,26 July 2025  3:15 PM,6 mins 48 secs,100.0,"   \({\left[ \text{a1} , \text{a4} , \text{h3} , \text{h5} , \text{h4} , \text{a5} , \text{a3} , \text{h1} \right]}\)         ","Seed: 192218; ans1: ""{\""used\"":[[[\""a1\"",\""a4\"",\""a3\"",\""a5\""]],[[\""h1\"",\""h4\"",\""h3\"",\""h5\""]]],\""available\"":[]}"" [score]; prt1: # = 1 | prt1-1-T | prt1-5-T","Seed: 192218; ans1: ""[\""a1\"",\""a2\"",\""a3\"",\""a4\"",\""a5\"",\""a6\"",\""a7\""],[\""h1\"",\""h2\"",\""h3\"",\""h4\"",\""h5\"",\""h6\"",\""h7\""]"" [score]; prt1: [RUNTIME_FV_ERROR] # = 0 | apply: second argument must be a list; found: a2[2][1][1]   |intersection: argument must be a set; found: a2[2][1][1]|intersection: argument must be a set; found: a2[2][2][1] | prt1-1-F | prt1-2-F | prt1-3-F | prt1-4-F | prt1-5-F | prt1-6-F | prt1-7-F | prt1-8-F",Project C,False,False
id_86740567,Flores,Kellie,k.flores@student.example.com,Finished,26 July 2025  3:34 PM,26 July 2025  3:52 PM,17 mins 44 secs,100.0,"   \({\left[ \text{a1} , \text{a6} , \text{a4} , \text{h6} , \text{h4} , \text{h2} , \text{a2} , \text{h1} \right]}\)         ","Seed: 57253; ans1: ""{\""used\"":[[[\""a1\"",\""a4\"",\""a6\"",\""a2\""]],[[\""h1\"",\""h4\"",\""h6\"",\""h2\""]]],\""available\"":[]}"" [score]; prt1: # = 1 | prt1-1-T | prt1-5-T","Seed: 57253; ans1: ""[\""a1\"",\""a2\"",\""a3\"",\""a4\"",\""a5\"",\""a6\"",\""a7\""],[\""h1\"",\""h2\"",\""h3\"",\""h4\"",\""h5\"",\""h6\"",\""h7\""]"" [score]; prt1: [RUNTIME_FV_ERROR] # = 0 | apply: second argument must be a list; found: a2[2][1][1]   |intersection: argument must be a set; found: a2[2][1][1]|intersection: argument must be a set; found: a2[2][2][1] | prt1-1-F | prt1-2-F | prt1-3-F | prt1-4-F | prt1-5-F | prt1-6-F | prt1-7-F | prt1-8-F",Project A,True,True
id_88120923,Wright,Laura,l.wright@student.example.com,Finished,26 July 2025  4:48 PM,30 July 2025  5:00 PM,4 days,100.0,"   \({\left[ \text{a4} , \text{h7} , \text{a2} , \text{a1} , \text{h4} , \text{a7} , \text{h2} , \text{h1} \right]}\)         ","Seed: 919080; ans1: ""{\""used\"":[[[\""a4\"",\""a2\"",\""a1\"",\""a7\""]],[[\""h7\"",\""h4\"",\""h2\"",\""h1\""]]],\""available\"":[]}"" [score]; prt1: # = 1 | prt1-1-T | prt1-5-T","Seed: 919080; ans1: ""[\""a1\"",\""a2\"",\""a3\"",\""a4\"",\""a5\"",\""a6\"",\""a7\""],[\""h1\"",\""h2\"",\""h3\"",\""h4\"",\""h5\"",\""h6\"",\""h7\""]"" [score]; prt1: [RUNTIME_FV_ERROR] # = 0 | apply: second argument must be a list; found: a2[2][1][1]   |intersection: argument must be a set; found: a2[2][1][1]|intersection: argument must be a set; found: a2[2][2][1] | prt1-1-F | prt1-2-F | prt1-3-F | prt1-4-F | prt1-5-F | prt1-6-F | prt1-7-F | prt1-8-F",Project B,False,False
id_21504638,Stephens,Robert,r.stephens@student.example.com,Finished,26 July 2025  5:24 PM,26 July 2025  5:26 PM,1 min 57 secs,100.0,"   \({\left[ \text{a5} , \text{h5} , \text{h3} , \text{a2} , \text{a3} , \text{a6} , \text{h6} , \text{h2} \right]}\)         ","Seed: 649879; ans1: ""{\""used\"":[[[\""a5\"",\""a2\"",\""a3\"",\""a6\""]],[[\""h3\"",\""h6\"",\""h5\"",\""h2\""]]],\""available\"":[]}"" [score]; prt1: # = 1 | prt1-1-T | prt1-5-T","Seed: 649879; ans1: ""[\""a1\"",\""a2\"",\""a3\"",\""a4\"",\""a5\"",\""a6\"",\""a7\""],[\""h1\"",\""h2\"",\""h3\"",\""h4\"",\""h5\"",\""h6\"",\""h7\""]"" [score]; prt1: [RUNTIME_FV_ERROR] # = 0 | apply: second argument must be a list; found: a2[2][1][1]   |intersection: argument must be a set; found: a2[2][1][1]|intersection: argument must be a set; found: a2[2][2][1] | prt1-1-F | prt1-2-F | prt1-3-F | prt1-4-F | prt1-5-F | prt1-6-F | prt1-7-F | prt1-8-F",Project C,False,False
id_33973990,Whitney,Patricia,p.whitney@student.example.com,Finished,26 July 2025  5:35 PM,26 July 2025  5:57 PM,22 mins 22 secs,100.0,"   \({\left[ \text{h5} , \text{a2} , \text{a3} , \text{a5} , \text{h3} , \text{a4} , \text{h2} , \text{h4} \right]}\)         ","Seed: 638203; ans1: ""{\""used\"":[[[\""a2\"",\""a3\"",\""a5\"",\""a4\""]],[[\""h5\"",\""h3\"",\""h2\"",\""h4\""]]],\""available\"":[]}"" [score]; prt1: # = 1 | prt1-1-T | prt1-5-T","Seed: 638203; ans1: ""[\""a1\"",\""a2\"",\""a3\"",\""a4\"",\""a5\"",\""a6\"",\""a7\""],[\""h1\"",\""h2\"",\""h3\"",\""h4\"",\""h5\"",\""h6\"",\""h7\""]"" [score]; prt1: [RUNTIME_FV_ERROR] # = 0 | apply: second argument must be a list; found: a2[2][1][1]   |intersection: argument must be a set; found: a2[2][1][1]|intersection: argument must be a set; found: a2[2][2][1] | prt1-1-F | prt1-2-F | prt1-3-F | prt1-4-F | prt1-5-F | prt1-6-F | prt1-7-F | prt1-8-F",Project A,True,True
id_69752164,Anderson,Jessica,j.anderson@student.example.com,Finished,26 July 2025  5:49 PM,26 July 2025  6:04 PM,15 mins 14 secs,100.0,"   \({\left[ \text{h4} , \text{h5} , \text{a4} , \text{h7} , \text{a7} , \text{h3} , \text{a5} , \text{a3} \right]}\)         ","Seed: 466003; ans1: ""{\""used\"":[[[\""a4\"",\""a7\"",\""a3\"",\""a5\""]],[[\""h5\"",\""h4\"",\""h7\"",\""h3\""]]],\""available\"":[]}"" [score]; prt1: # = 1 | prt1-1-T | prt1-5-T","Seed: 466003; ans1: ""[\""a1\"",\""a2\"",\""a3\"",\""a4\"",\""a5\"",\""a6\"",\""a7\""],[\""h1\"",\""h2\"",\""h3\"",\""h4\"",\""h5\"",\""h6\"",\""h7\""]"" [score]; prt1: [RUNTIME_FV_ERROR] # = 0 | apply: second argument must be a list; found: a2[2][1][1]   |intersection: argument must be a set; found: a2[2][1][1]|intersection: argument must be a set; found: a2[2][2][1] | prt1-1-F | prt1-2-F | prt1-3-F | prt1-4-F | prt1-5-F | prt1-6-F | prt1-7-F | prt1-8-F",Project A,True,True
id_38828630,Martin,Robert,r.martin@student.example.com,Finished,26 July 2025  11:37 PM,28 July 2025  3:05 PM,1 day 15 hours,100.0,"   \({\left[ \text{h5} , \text{a2} , \text{h3} , \text{h1} , \text{h2} , \text{a5} , \text{a3} , \text{a1} \right]}\)         ","Seed: 607972; ans1: ""{\""used\"":[[[\""a2\"",\""a5\"",\""a3\"",\""a1\""]],[[\""h3\"",\""h2\"",\""h1\"",\""h5\""]]],\""available\"":[]}"" [score]; prt1: # = 1 | prt1-1-T | prt1-5-T","Seed: 607972; ans1: ""[\""a1\"",\""a2\"",\""a3\"",\""a4\"",\""a5\"",\""a6\"",\""a7\""],[\""h1\"",\""h2\"",\""h3\"",\""h4\"",\""h5\"",\""h6\"",\""h7\""]"" [score]; prt1: [RUNTIME_FV_ERROR] # = 0 | apply: second argument must be a list; found: a2[2][1][1]   |intersection: argument must be a set; found: a2[2][1][1]|intersection: argument must be a set; found: a2[2][2][1] | prt1-1-F | prt1-2-F | prt1-3-F | prt1-4-F | prt1-5-F | prt1-6-F | prt1-7-F | prt1-8-F",Project C,False,False
id_64767295,Bridges,Danielle,d.bridges@student.example.com,Finished,27 July 2025  6:31 AM,30 July 2025  5:00 PM,3 days 10 hours,100.0,"   \({\left[ \text{a3} , \text{a2} , \text{h3} , \text{a5} , \text{h5} , \text{a4} , \text{h4} , \text{h2} \right]}\)         ","Seed: 924242; ans1: ""{\""used\"":[[[\""a2\"",\""a5\"",\""a3\"",\""a4\""]],[[\""h2\"",\""h5\"",\""h3\"",\""h4\""]]],\""available\"":[]}"" [score]; prt1: # = 1 | prt1-1-T | prt1-5-T","Seed: 924242; ans1: ""[\""a1\"",\""a2\"",\""a3\"",\""a4\"",\""a5\"",\""a6\"",\""a7\""],[\""h1\"",\""h2\"",\""h3\"",\""h4\"",\""h5\"",\""h6\"",\""h7\""]"" [score]; prt1: [RUNTIME_FV_ERROR] # = 0 | apply: second argument must be a list; found: a2[2][1][1]   |intersection: argument must be a set; found: a2[2][1][1]|intersection: argument must be a set; found: a2[2][2][1] | prt1-1-F | prt1-2-F | prt1-3-F | prt1-4-F | prt1-5-F | prt1-6-F | prt1-7-F | prt1-8-F",Project A,True,True
id_45998777,Barnett,Melvin,m.barnett@student.example.com,Finished,27 July 2025  12:49 PM,27 July 2025  1:04 PM,15 mins 32 secs,100.0,"   \({\left[ \text{h2} , \text{a2} , \text{a7} , \text{h6} , \text{h5} , \text{h7} , \text{a6} , \text{a5} \right]}\)         ","Seed: 931179; ans1: ""{\""used\"":[[[\""a2\"",\""a6\"",\""a7\"",\""a5\""]],[[\""h2\"",\""h6\"",\""h7\"",\""h5\""]]],\""available\"":[]}"" [score]; prt1: # = 1 | prt1-1-T | prt1-5-T","Seed: 931179; ans1: ""[\""a1\"",\""a2\"",\""a3\"",\""a4\"",\""a5\"",\""a6\"",\""a7\""],[\""h1\"",\""h2\"",\""h3\"",\""h4\"",\""h5\"",\""h6\"",\""h7\""]"" [score]; prt1: [RUNTIME_FV_ERROR] # = 0 | apply: second argument must be a list; found: a2[2][1][1]   |intersection: argument must be a set; found: a2[2][1][1]|intersection: argument must be a set; found: a2[2][2][1] | prt1-1-F | prt1-2-F | prt1-3-F | prt1-4-F | prt1-5-F | prt1-6-F | prt1-7-F | prt1-8-F",Project C,False,False
id_40739258,Galloway,Mallory,m.galloway@student.example.com,Finished,27 July 2025  12:59 PM,27 July 2025  1:03 PM,3 mins 47 secs,100.0,"   \({\left[ \text{a5} , \text{a6} , \text{h5} , \text{a4} , \text{h4} , \text{h6} , \text{h2} , \text{a2} \right]}\)         ","Seed: 131089; ans1: ""{\""used\"":[[[\""a5\"",\""a4\"",\""a6\"",\""a2\""]],[[\""h5\"",\""h2\"",\""h6\"",\""h4\""]]],\""available\"":[]}"" [score]; prt1: # = 1 | prt1-1-T | prt1-5-T","Seed: 131089; ans1: ""[\""a1\"",\""a2\"",\""a3\"",\""a4\"",\""a5\"",\""a6\"",\""a7\""],[\""h1\"",\""h2\"",\""h3\"",\""h4\"",\""h5\"",\""h6\"",\""h7\""]"" [score]; prt1: [RUNTIME_FV_ERROR] # = 0 | apply: second argument must be a list; found: a2[2][1][1]   |intersection: argument must be a set; found: a2[2][1][1]|intersection: argument must be a set; found: a2[2][2][1] | prt1-1-F | prt1-2-F | prt1-3-F | prt1-4-F | prt1-5-F | prt1-6-F | prt1-7-F | prt1-8-F",Project B,False,False
id_19951742,Khan,Jessica,j.khan@student.example.com,Finished,27 July 2025  2:23 PM,30 July 2025  5:00 PM,3 days 2 hours,87.5,"   \({\left[ \text{a7} , \text{a6} , \text{h1} , \text{h7} , \text{h6} , \text{h2} , \text{a1} , \text{a2} \right]}\)         ","Seed: 111920; ans1: ""{\""used\"":[[[\""a6\"",\""a1\"",\""a2\"",\""h1\""]],[[\""h7\"",\""a7\"",\""h2\"",\""h6\""]]],\""available\"":[]}"" [score]; prt1: # = 0.75 | prt1-1-F | prt1-2-T | prt1-5-F | prt1-6-T","Seed: 111920; ans1: ""[\""a1\"",\""a2\"",\""a3\"",\""a4\"",\""a5\"",\""a6\"",\""a7\""],[\""h1\"",\""h2\"",\""h3\"",\""h4\"",\""h5\"",\""h6\"",\""h7\""]"" [score]; prt1: [RUNTIME_FV_ERROR] # = 0 | apply: second argument must be a list; found: a2[2][1][1]   |intersection: argument must be a set; found: a2[2][1][1]|intersection: argument must be a set; found: a2[2][2][1] | prt1-1-F | prt1-2-F | prt1-3-F | prt1-4-F | prt1-5-F | prt1-6-F | prt1-7-F | prt1-8-F",Project B,False,False
id_29558029,Hartman,Melissa,m.hartman@student.example.com,Finished,27 July 2025  2:32 PM,30 July 2025  2:05 PM,2 days 23 hours,100.0,"   \({\left[ \text{a3} , \text{a6} , \text{a2} , \text{h3} , \text{h1} , \text{h6} , \text{h2} , \text{a1} \right]}\)         ","Seed: 759579; ans1: ""{\""used\"":[[[\""a3\"",\""a6\"",\""a2\"",\""a1\""]],[[\""h3\"",\""h1\"",\""h6\"",\""h2\""]]],\""available\"":[]}"" [score]; prt1: # = 1 | prt1-1-T | prt1-5-T","Seed: 759579; ans1: ""[\""a1\"",\""a2\"",\""a3\"",\""a4\"",\""a5\"",\""a6\"",\""a7\""],[\""h1\"",\""h2\"",\""h3\"",\""h4\"",\""h5\"",\""h6\"",\""h7\""]"" [score]; prt1: [RUNTIME_FV_ERROR] # = 0 | apply: second argument must be a list; found: a2[2][1][1]   |intersection: argument must be a set; found: a2[2][1][1]|intersection: argument must be a set; found: a2[2][2][1] | prt1-1-F | prt1-2-F | prt1-3-F | prt1-4-F | prt1-5-F | prt1-6-F | prt1-7-F | prt1-8-F",Project C,False,False
id_31654484,Simpson,Jessica,j.simpson@student.example.com,Finished,27 July 2025  3:16 PM,27 July 2025  4:18 PM,1 hour 1 min,100.0,"   \({\left[ \text{a3} , \text{h6} , \text{a4} , \text{h5} , \text{a6} , \text{a5} , \text{h4} , \text{h3} \right]}\)         ","Seed: 841719; ans1: ""{\""used\"":[[[\""a3\"",\""a4\"",\""a6\"",\""a5\""]],[[\""h3\"",\""h6\"",\""h5\"",\""h4\""]]],\""available\"":[]}"" [score]; prt1: # = 1 | prt1-1-T | prt1-5-T","Seed: 841719; ans1: ""[\""a1\"",\""a2\"",\""a3\"",\""a4\"",\""a5\"",\""a6\"",\""a7\""],[\""h1\"",\""h2\"",\""h3\"",\""h4\"",\""h5\"",\""h6\"",\""h7\""]"" [score]; prt1: [RUNTIME_FV_ERROR] # = 0 | apply: second argument must be a list; found: a2[2][1][1]   |intersection: argument must be a set; found: a2[2][1][1]|intersection: argument must be a set; found: a2[2][2][1] | prt1-1-F | prt1-2-F | prt1-3-F | prt1-4-F | prt1-5-F | prt1-6-F | prt1-7-F | prt1-8-F",Project A,True,True
id_51928739,Richardson,Richard,r.richardson@student.example.com,Finished,27 July 2025  4:17 PM,27 July 2025  4:20 PM,3 mins 13 secs,100.0,"   \({\left[ \text{h6} , \text{h3} , \text{a3} , \text{a1} , \text{h7} , \text{a7} , \text{a6} , \text{h1} \right]}\)         ","Seed: 837927; ans1: ""{\""used\"":[[[\""a3\"",\""a7\"",\""a6\"",\""a1\""]],[[\""h6\"",\""h7\"",\""h3\"",\""h1\""]]],\""available\"":[]}"" [score]; prt1: # = 1 | prt1-1-T | prt1-5-T","Seed: 837927; ans1: ""[\""a1\"",\""a2\"",\""a3\"",\""a4\"",\""a5\"",\""a6\"",\""a7\""],[\""h1\"",\""h2\"",\""h3\"",\""h4\"",\""h5\"",\""h6\"",\""h7\""]"" [score]; prt1: [RUNTIME_FV_ERROR] # = 0 | apply: second argument must be a list; found: a2[2][1][1]   |intersection: argument must be a set; found: a2[2][1][1]|intersection: argument must be a set; found: a2[2][2][1] | prt1-1-F | prt1-2-F | prt1-3-F | prt1-4-F | prt1-5-F | prt1-6-F | prt1-7-F | prt1-8-F",Project B,False,False
id_89312830,James,Eric,e.james@student.example.com,Finished,27 July 2025  4:18 PM,27 July 2025  4:22 PM,3 mins 35 secs,87.5,"   \({\left[ \text{a3} , \text{h1} , \text{a2} , \text{a5} , \text{a1} , \text{h2} , \text{h5} , \text{h3} \right]}\)         ","Seed: 134676; ans1: ""{\""used\"":[[[\""a3\"",\""h1\"",\""a1\"",\""a2\""]],[[\""h3\"",\""h2\"",\""h5\"",\""a5\""]]],\""available\"":[]}"" [score]; prt1: # = 0.75 | prt1-1-F | prt1-2-T | prt1-5-F | prt1-6-T","Seed: 134676; ans1: ""[\""a1\"",\""a2\"",\""a3\"",\""a4\"",\""a5\"",\""a6\"",\""a7\""],[\""h1\"",\""h2\"",\""h3\"",\""h4\"",\""h5\"",\""h6\"",\""h7\""]"" [score]; prt1: [RUNTIME_FV_ERROR] # = 0 | apply: second argument must be a list; found: a2[2][1][1]   |intersection: argument must be a set; found: a2[2][1][1]|intersection: argument must be a set; found: a2[2][2][1] | prt1-1-F | prt1-2-F | prt1-3-F | prt1-4-F | prt1-5-F | prt1-6-F | prt1-7-F | prt1-8-F",Project C,False,False
id_91998703,Rodriguez,Kelly,k.rodriguez@student.example.com,Finished,27 July 2025  6:09 PM,27 July 2025  6:11 PM,2 mins 9 secs,100.0,"   \({\left[ \text{a4} , \text{h4} , \text{a1} , \text{h6} , \text{h7} , \text{h1} , \text{a6} , \text{a7} \right]}\)         ","Seed: 742854; ans1: ""{\""used\"":[[[\""a4\"",\""a1\"",\""a6\"",\""a7\""]],[[\""h4\"",\""h6\"",\""h7\"",\""h1\""]]],\""available\"":[]}"" [score]; prt1: # = 1 | prt1-1-T | prt1-5-T","Seed: 742854; ans1: ""[\""a1\"",\""a2\"",\""a3\"",\""a4\"",\""a5\"",\""a6\"",\""a7\""],[\""h1\"",\""h2\"",\""h3\"",\""h4\"",\""h5\"",\""h6\"",\""h7\""]"" [score]; prt1: [RUNTIME_FV_ERROR] # = 0 | apply: second argument must be a list; found: a2[2][1][1]   |intersection: argument must be a set; found: a2[2][1][1]|intersection: argument must be a set; found: a2[2][2][1] | prt1-1-F | prt1-2-F | prt1-3-F | prt1-4-F | prt1-5-F | prt1-6-F | prt1-7-F | prt1-8-F",Project B,False,False
id_19619727,Cardenas,Elizabeth,e.cardenas@student.example.com,Finished,27 July 2025  6:35 PM,27 July 2025  6:42 PM,6 mins 52 secs,87.5,"   \({\left[ \text{a7} , \text{h6} , \text{h7} , \text{h5} , \text{h4} , \text{a5} , \text{a6} , \text{a4} \right]}\)         ","Seed: 672809; ans1: ""{\""used\"":[[[\""h4\"",\""a6\"",\""a5\"",\""a7\""]],[[\""h7\"",\""a4\"",\""h5\"",\""h6\""]]],\""available\"":[]}"" [score]; prt1: # = 0.75 | prt1-1-F | prt1-2-T | prt1-5-F | prt1-6-T","Seed: 672809; ans1: ""[\""a1\"",\""a2\"",\""a3\"",\""a4\"",\""a5\"",\""a6\"",\""a7\""],[\""h1\"",\""h2\"",\""h3\"",\""h4\"",\""h5\"",\""h6\"",\""h7\""]"" [score]; prt1: [RUNTIME_FV_ERROR] # = 0 | apply: second argument must be a list; found: a2[2][1][1]   |intersection: argument must be a set; found: a2[2][1][1]|intersection: argument must be a set; found: a2[2][2][1] | prt1-1-F | prt1-2-F | prt1-3-F | prt1-4-F | prt1-5-F | prt1-6-F | prt1-7-F | prt1-8-F",Project C,False,False
id_54302573,Shepherd,Allison,a.shepherd@student.example.com,Finished,27 July 2025  7:47 PM,27 July 2025  7:49 PM,1 min 54 secs,100.0,"   \({\left[ \text{h4} , \text{a4} , \text{h1} , \text{a1} , \text{h5} , \text{a2} , \text{h2} , \text{a5} \right]}\)         ","Seed: 717810; ans1: ""{\""used\"":[[[\""a4\"",\""a1\"",\""a2\"",\""a5\""]],[[\""h4\"",\""h5\"",\""h2\"",\""h1\""]]],\""available\"":[]}"" [score]; prt1: # = 1 | prt1-1-T | prt1-5-T","Seed: 717810; ans1: ""[\""a1\"",\""a2\"",\""a3\"",\""a4\"",\""a5\"",\""a6\"",\""a7\""],[\""h1\"",\""h2\"",\""h3\"",\""h4\"",\""h5\"",\""h6\"",\""h7\""]"" [score]; prt1: [RUNTIME_FV_ERROR] # = 0 | apply: second argument must be a list; found: a2[2][1][1]   |intersection: argument must be a set; found: a2[2][1][1]|intersection: argument must be a set; found: a2[2][2][1] | prt1-1-F | prt1-2-F | prt1-3-F | prt1-4-F | prt1-5-F | prt1-6-F | prt1-7-F | prt1-8-F",Project C,False,False
id_37150956,Dyer,William,w.dyer@student.example.com,Finished,27 July 2025  8:33 PM,29 July 2025  1:44 PM,1 day 17 hours,100.0,"   \({\left[ \text{a1} , \text{a5} , \text{h1} , \text{h3} , \text{a3} , \text{h7} , \text{h5} , \text{a7} \right]}\)         ","Seed: 431301; ans1: ""{\""used\"":[[[\""a3\"",\""a1\"",\""a5\"",\""a7\""]],[[\""h3\"",\""h1\"",\""h5\"",\""h7\""]]],\""available\"":[]}"" [score]; prt1: # = 1 | prt1-1-T | prt1-5-T","Seed: 431301; ans1: ""[\""a1\"",\""a2\"",\""a3\"",\""a4\"",\""a5\"",\""a6\"",\""a7\""],[\""h1\"",\""h2\"",\""h3\"",\""h4\"",\""h5\"",\""h6\"",\""h7\""]"" [score]; prt1: [RUNTIME_FV_ERROR] # = 0 | apply: second argument must be a list; found: a2[2][1][1]   |intersection: argument must be a set; found: a2[2][1][1]|intersection: argument must be a set; found: a2[2][2][1] | prt1-1-F | prt1-2-F | prt1-3-F | prt1-4-F | prt1-5-F | prt1-6-F | prt1-7-F | prt1-8-F",Project A,True,True
id_57009638,Ramos,Shaun,s.ramos@student.example.com,Finished,27 July 2025  8:49 PM,27 July 2025  9:49 PM,1 hour,100.0,"   \({\left[ \text{a5} , \text{h4} , \text{h5} , \text{a4} , \text{a3} , \text{h7} , \text{a7} , \text{h3} \right]}\)         ","Seed: 818931; ans1: ""{\""used\"":[[[\""a5\"",\""a4\"",\""a3\"",\""a7\""]],[[\""h4\"",\""h5\"",\""h7\"",\""h3\""]]],\""available\"":[]}"" [score]; prt1: # = 1 | prt1-1-T | prt1-5-T","Seed: 818931; ans1: ""[\""a1\"",\""a2\"",\""a3\"",\""a4\"",\""a5\"",\""a6\"",\""a7\""],[\""h1\"",\""h2\"",\""h3\"",\""h4\"",\""h5\"",\""h6\"",\""h7\""]"" [score]; prt1: [RUNTIME_FV_ERROR] # = 0 | apply: second argument must be a list; found: a2[2][1][1]   |intersection: argument must be a set; found: a2[2][1][1]|intersection: argument must be a set; found: a2[2][2][1] | prt1-1-F | prt1-2-F | prt1-3-F | prt1-4-F | prt1-5-F | prt1-6-F | prt1-7-F | prt1-8-F",Project A,True,True
id_91720477,Johnson,Stacey,s.johnson@student.example.com,Finished,27 July 2025  9:08 PM,27 July 2025  9:10 PM,1 min 42 secs,100.0,"   \({\left[ \text{h5} , \text{h7} , \text{h6} , \text{h4} , \text{a6} , \text{a4} , \text{a7} , \text{a5} \right]}\)         ","Seed: 892700; ans1: ""{\""used\"":[[[\""a6\"",\""a4\"",\""a7\"",\""a5\""]],[[\""h5\"",\""h7\"",\""h6\"",\""h4\""]]],\""available\"":[]}"" [score]; prt1: # = 1 | prt1-1-T | prt1-5-T","Seed: 892700; ans1: ""[\""a1\"",\""a2\"",\""a3\"",\""a4\"",\""a5\"",\""a6\"",\""a7\""],[\""h1\"",\""h2\"",\""h3\"",\""h4\"",\""h5\"",\""h6\"",\""h7\""]"" [score]; prt1: [RUNTIME_FV_ERROR] # = 0 | apply: second argument must be a list; found: a2[2][1][1]   |intersection: argument must be a set; found: a2[2][1][1]|intersection: argument must be a set; found: a2[2][2][1] | prt1-1-F | prt1-2-F | prt1-3-F | prt1-4-F | prt1-5-F | prt1-6-F | prt1-7-F | prt1-8-F",Project B,False,False
id_70725250,Willis,Zachary,z.willis@student.example.com,Finished,27 July 2025  11:09 PM,29 July 2025  10:40 AM,1 day 11 hours,100.0,"   \({\left[ \text{h3} , \text{h1} , \text{a5} , \text{a1} , \text{a6} , \text{h6} , \text{a3} , \text{h5} \right]}\)         ","Seed: 182352; ans1: ""{\""used\"":[[[\""a1\"",\""a3\"",\""a5\"",\""a6\""]],[[\""h1\"",\""h3\"",\""h5\"",\""h6\""]]],\""available\"":[]}"" [score]; prt1: # = 1 | prt1-1-T | prt1-5-T","Seed: 182352; ans1: ""[\""a1\"",\""a2\"",\""a3\"",\""a4\"",\""a5\"",\""a6\"",\""a7\""],[\""h1\"",\""h2\"",\""h3\"",\""h4\"",\""h5\"",\""h6\"",\""h7\""]"" [score]; prt1: [RUNTIME_FV_ERROR] # = 0 | apply: second argument must be a list; found: a2[2][1][1]   |intersection: argument must be a set; found: a2[2][1][1]|intersection: argument must be a set; found: a2[2][2][1] | prt1-1-F | prt1-2-F | prt1-3-F | prt1-4-F | prt1-5-F | prt1-6-F | prt1-7-F | prt1-8-F",Project C,False,False
id_96284148,Turner,Doris,d.turner@student.example.com,Finished,28 July 2025  9:15 AM,28 July 2025  9:37 AM,22 mins 20 secs,100.0,"   \({\left[ \text{a6} , \text{h7} , \text{a7} , \text{h6} , \text{a4} , \text{h3} , \text{a3} , \text{h4} \right]}\)         ","Seed: 712220; ans1: ""{\""used\"":[[[\""a7\"",\""a6\"",\""a4\"",\""a3\""]],[[\""h6\"",\""h7\"",\""h4\"",\""h3\""]]],\""available\"":[]}"" [score]; prt1: # = 1 | prt1-1-T | prt1-5-T","Seed: 712220; ans1: ""[\""a1\"",\""a2\"",\""a3\"",\""a4\"",\""a5\"",\""a6\"",\""a7\""],[\""h1\"",\""h2\"",\""h3\"",\""h4\"",\""h5\"",\""h6\"",\""h7\""]"" [score]; prt1: [RUNTIME_FV_ERROR] # = 0 | apply: second argument must be a list; found: a2[2][1][1]   |intersection: argument must be a set; found: a2[2][1][1]|intersection: argument must be a set; found: a2[2][2][1] | prt1-1-F | prt1-2-F | prt1-3-F | prt1-4-F | prt1-5-F | prt1-6-F | prt1-7-F | prt1-8-F",Project C,False,False
id_36189854,Johnson,Kevin,k.johnson@student.example.com,Finished,28 July 2025  9:24 AM,28 July 2025  9:26 AM,1 min 40 secs,100.0,"   \({\left[ \text{h4} , \text{a3} , \text{h3} , \text{a4} , \text{h2} , \text{a2} , \text{h6} , \text{a6} \right]}\)         ","Seed: 613982; ans1: ""{\""used\"":[[[\""a4\"",\""a2\"",\""a3\"",\""a6\""]],[[\""h4\"",\""h2\"",\""h3\"",\""h6\""]]],\""available\"":[]}"" [score]; prt1: # = 1 | prt1-1-T | prt1-5-T","Seed: 613982; ans1: ""[\""a1\"",\""a2\"",\""a3\"",\""a4\"",\""a5\"",\""a6\"",\""a7\""],[\""h1\"",\""h2\"",\""h3\"",\""h4\"",\""h5\"",\""h6\"",\""h7\""]"" [score]; prt1: [RUNTIME_FV_ERROR] # = 0 | apply: second argument must be a list; found: a2[2][1][1]   |intersection: argument must be a set; found: a2[2][1][1]|intersection: argument must be a set; found: a2[2][2][1] | prt1-1-F | prt1-2-F | prt1-3-F | prt1-4-F | prt1-5-F | prt1-6-F | prt1-7-F | prt1-8-F",Project C,False,False
id_91392178,Nicholson,Elizabeth,e.nicholson@student.example.com,Finished,28 July 2025  10:09 AM,28 July 2025  10:12 AM,3 mins 12 secs,100.0,"   \({\left[ \text{h6} , \text{a6} , \text{a2} , \text{a3} , \text{h1} , \text{h2} , \text{h3} , \text{a1} \right]}\)         ","Seed: 452310; ans1: ""{\""used\"":[[[\""a1\"",\""a3\"",\""a2\"",\""a6\""]],[[\""h3\"",\""h1\"",\""h2\"",\""h6\""]]],\""available\"":[]}"" [score]; prt1: # = 1 | prt1-1-T | prt1-5-T","Seed: 452310; ans1: ""[\""a1\"",\""a2\"",\""a3\"",\""a4\"",\""a5\"",\""a6\"",\""a7\""],[\""h1\"",\""h2\"",\""h3\"",\""h4\"",\""h5\"",\""h6\"",\""h7\""]"" [score]; prt1: [RUNTIME_FV_ERROR] # = 0 | apply: second argument must be a list; found: a2[2][1][1]   |intersection: argument must be a set; found: a2[2][1][1]|intersection: argument must be a set; found: a2[2][2][1] | prt1-1-F | prt1-2-F | prt1-3-F | prt1-4-F | prt1-5-F | prt1-6-F | prt1-7-F | prt1-8-F",Project A,True,True
id_62210219,Walters,Kathleen,k.walters@student.example.com,Finished,28 July 2025  11:37 AM,30 July 2025  9:04 AM,1 day 21 hours,100.0,"   \({\left[ \text{h7} , \text{h5} , \text{h6} , \text{a3} , \text{a7} , \text{a6} , \text{a5} , \text{h3} \right]}\)         ","Seed: 253625; ans1: ""{\""used\"":[[[\""a7\"",\""a5\"",\""a6\"",\""a3\""]],[[\""h7\"",\""h3\"",\""h5\"",\""h6\""]]],\""available\"":[]}"" [score]; prt1: # = 1 | prt1-1-T | prt1-5-T","Seed: 253625; ans1: ""[\""a1\"",\""a2\"",\""a3\"",\""a4\"",\""a5\"",\""a6\"",\""a7\""],[\""h1\"",\""h2\"",\""h3\"",\""h4\"",\""h5\"",\""h6\"",\""h7\""]"" [score]; prt1: [RUNTIME_FV_ERROR] # = 0 | apply: second argument must be a list; found: a2[2][1][1]   |intersection: argument must be a set; found: a2[2][1][1]|intersection: argument must be a set; found: a2[2][2][1] | prt1-1-F | prt1-2-F | prt1-3-F | prt1-4-F | prt1-5-F | prt1-6-F | prt1-7-F | prt1-8-F",Project C,False,False
id_99473565,Williams,Monica,m.williams@student.example.com,Finished,28 July 2025  12:12 PM,28 July 2025  12:18 PM,5 mins 46 secs,100.0,"   \({\left[ \text{h3} , \text{a6} , \text{a7} , \text{h7} , \text{a1} , \text{a3} , \text{h1} , \text{h6} \right]}\)         ","Seed: 695187; ans1: ""{\""used\"":[[[\""a6\"",\""a1\"",\""a3\"",\""a7\""]],[[\""h3\"",\""h7\"",\""h6\"",\""h1\""]]],\""available\"":[]}"" [score]; prt1: # = 1 | prt1-1-T | prt1-5-T","Seed: 695187; ans1: ""[\""a1\"",\""a2\"",\""a3\"",\""a4\"",\""a5\"",\""a6\"",\""a7\""],[\""h1\"",\""h2\"",\""h3\"",\""h4\"",\""h5\"",\""h6\"",\""h7\""]"" [score]; prt1: [RUNTIME_FV_ERROR] # = 0 | apply: second argument must be a list; found: a2[2][1][1]   |intersection: argument must be a set; found: a2[2][1][1]|intersection: argument must be a set; found: a2[2][2][1] | prt1-1-F | prt1-2-F | prt1-3-F | prt1-4-F | prt1-5-F | prt1-6-F | prt1-7-F | prt1-8-F",Project B,False,False
id_79975161,Anderson,John,j.anderson@student.example.com,Finished,28 July 2025  12:54 PM,28 July 2025  1:05 PM,10 mins 26 secs,100.0,"   \({\left[ \text{a3} , \text{h6} , \text{a5} , \text{h7} , \text{a7} , \text{h3} , \text{h5} , \text{a6} \right]}\)         ","Seed: 782487; ans1: ""{\""used\"":[[[\""a5\"",\""a7\"",\""a3\"",\""a6\""]],[[\""h3\"",\""h7\"",\""h5\"",\""h6\""]]],\""available\"":[]}"" [score]; prt1: # = 1 | prt1-1-T | prt1-5-T","Seed: 782487; ans1: ""[\""a1\"",\""a2\"",\""a3\"",\""a4\"",\""a5\"",\""a6\"",\""a7\""],[\""h1\"",\""h2\"",\""h3\"",\""h4\"",\""h5\"",\""h6\"",\""h7\""]"" [score]; prt1: [RUNTIME_FV_ERROR] # = 0 | apply: second argument must be a list; found: a2[2][1][1]   |intersection: argument must be a set; found: a2[2][1][1]|intersection: argument must be a set; found: a2[2][2][1] | prt1-1-F | prt1-2-F | prt1-3-F | prt1-4-F | prt1-5-F | prt1-6-F | prt1-7-F | prt1-8-F",Project A,True,True
id_85432856,Whitehead,Alexander,a.whitehead@student.example.com,Finished,28 July 2025  1:20 PM,28 July 2025  1:22 PM,2 mins 20 secs,93.75,"   \({\left[ \text{h2} , \text{a7} , \text{a3} , \text{h4} , \text{a2} , \text{h3} , \text{h7} , \text{a4} \right]}\)         ","Seed: 509603; ans1: ""{\""used\"":[[[\""a7\"",\""a3\"",\""h4\"",\""a4\"",\""a2\""]],[[\""h2\"",\""h3\"",\""h7\""]]],\""available\"":[]}"" [score]; prt1: # = 0.875 | prt1-1-T | prt1-5-F | prt1-6-T","Seed: 509603; ans1: ""[\""a1\"",\""a2\"",\""a3\"",\""a4\"",\""a5\"",\""a6\"",\""a7\""],[\""h1\"",\""h2\"",\""h3\"",\""h4\"",\""h5\"",\""h6\"",\""h7\""]"" [score]; prt1: [RUNTIME_FV_ERROR] # = 0 | apply: second argument must be a list; found: a2[2][1][1]   |intersection: argument must be a set; found: a2[2][1][1]|intersection: argument must be a set; found: a2[2][2][1] | prt1-1-F | prt1-2-F | prt1-3-F | prt1-4-F | prt1-5-F | prt1-6-F | prt1-7-F | prt1-8-F",Project C,False,False
id_25785041,Mcknight,Jonathan,j.mcknight@student.example.com,Finished,28 July 2025  1:31 PM,28 July 2025  1:33 PM,2 mins 28 secs,100.0,"   \({\left[ \text{a1} , \text{h2} , \text{a2} , \text{a3} , \text{h1} , \text{a4} , \text{h4} , \text{h3} \right]}\)         ","Seed: 705986; ans1: ""{\""used\"":[[[\""a1\"",\""a2\"",\""a4\"",\""a3\""]],[[\""h2\"",\""h1\"",\""h4\"",\""h3\""]]],\""available\"":[]}"" [score]; prt1: # = 1 | prt1-1-T | prt1-5-T","Seed: 705986; ans1: ""[\""a1\"",\""a2\"",\""a3\"",\""a4\"",\""a5\"",\""a6\"",\""a7\""],[\""h1\"",\""h2\"",\""h3\"",\""h4\"",\""h5\"",\""h6\"",\""h7\""]"" [score]; prt1: [RUNTIME_FV_ERROR] # = 0 | apply: second argument must be a list; found: a2[2][1][1]   |intersection: argument must be a set; found: a2[2][1][1]|intersection: argument must be a set; found: a2[2][2][1] | prt1-1-F | prt1-2-F | prt1-3-F | prt1-4-F | prt1-5-F | prt1-6-F | prt1-7-F | prt1-8-F",Project B,False,False
id_31003222,Rodriguez,Ashley,a.rodriguez@student.example.com,Finished,28 July 2025  2:16 PM,28 July 2025  2:18 PM,1 min 24 secs,100.0,"   \({\left[ \text{a4} , \text{a6} , \text{h1} , \text{h4} , \text{h5} , \text{a1} , \text{a5} , \text{h6} \right]}\)         ","Seed: 685938; ans1: ""{\""used\"":[[[\""a6\"",\""a4\"",\""a1\"",\""a5\""]],[[\""h4\"",\""h1\"",\""h6\"",\""h5\""]]],\""available\"":[]}"" [score]; prt1: # = 1 | prt1-1-T | prt1-5-T","Seed: 685938; ans1: ""[\""a1\"",\""a2\"",\""a3\"",\""a4\"",\""a5\"",\""a6\"",\""a7\""],[\""h1\"",\""h2\"",\""h3\"",\""h4\"",\""h5\"",\""h6\"",\""h7\""]"" [score]; prt1: [RUNTIME_FV_ERROR] # = 0 | apply: second argument must be a list; found: a2[2][1][1]   |intersection: argument must be a set; found: a2[2][1][1]|intersection: argument must be a set; found: a2[2][2][1] | prt1-1-F | prt1-2-F | prt1-3-F | prt1-4-F | prt1-5-F | prt1-6-F | prt1-7-F | prt1-8-F",Project C,False,False
id_56966959,Sanders,John,j.sanders@student.example.com,Finished,28 July 2025  3:25 PM,28 July 2025  3:28 PM,2 mins 52 secs,100.0,"   \({\left[ \text{a7} , \text{h5} , \text{a5} , \text{h7} , \text{h2} , \text{a2} , \text{h3} , \text{a3} \right]}\)         ","Seed: 915735; ans1: ""{\""used\"":[[[\""a7\"",\""a5\"",\""a2\"",\""a3\""]],[[\""h5\"",\""h7\"",\""h2\"",\""h3\""]]],\""available\"":[]}"" [score]; prt1: # = 1 | prt1-1-T | prt1-5-T","Seed: 915735; ans1: ""[\""a1\"",\""a2\"",\""a3\"",\""a4\"",\""a5\"",\""a6\"",\""a7\""],[\""h1\"",\""h2\"",\""h3\"",\""h4\"",\""h5\"",\""h6\"",\""h7\""]"" [score]; prt1: [RUNTIME_FV_ERROR] # = 0 | apply: second argument must be a list; found: a2[2][1][1]   |intersection: argument must be a set; found: a2[2][1][1]|intersection: argument must be a set; found: a2[2][2][1] | prt1-1-F | prt1-2-F | prt1-3-F | prt1-4-F | prt1-5-F | prt1-6-F | prt1-7-F | prt1-8-F",Project A,True,True
id_27881126,Coleman,Olivia,o.coleman@student.example.com,Finished,28 July 2025  3:27 PM,28 July 2025  3:32 PM,4 mins 44 secs,100.0,"   \({\left[ \text{a6} , \text{h5} , \text{a5} , \text{a4} , \text{h3} , \text{h4} , \text{a3} , \text{h6} \right]}\)         ","Seed: 916116; ans1: ""{\""used\"":[[[\""a6\"",\""a5\"",\""a4\"",\""a3\""]],[[\""h5\"",\""h3\"",\""h4\"",\""h6\""]]],\""available\"":[]}"" [score]; prt1: # = 1 | prt1-1-T | prt1-5-T","Seed: 916116; ans1: ""[\""a1\"",\""a2\"",\""a3\"",\""a4\"",\""a5\"",\""a6\"",\""a7\""],[\""h1\"",\""h2\"",\""h3\"",\""h4\"",\""h5\"",\""h6\"",\""h7\""]"" [score]; prt1: [RUNTIME_FV_ERROR] # = 0 | apply: second argument must be a list; found: a2[2][1][1]   |intersection: argument must be a set; found: a2[2][1][1]|intersection: argument must be a set; found: a2[2][2][1] | prt1-1-F | prt1-2-F | prt1-3-F | prt1-4-F | prt1-5-F | prt1-6-F | prt1-7-F | prt1-8-F",Project B,False,False
id_13686262,Knapp,Sharon,s.knapp@student.example.com,Finished,28 July 2025  3:39 PM,28 July 2025  3:42 PM,2 mins 45 secs,100.0,"   \({\left[ \text{h3} , \text{h2} , \text{a3} , \text{a2} , \text{h5} , \text{h6} , \text{a5} , \text{a6} \right]}\)         ","Seed: 645938; ans1: ""{\""used\"":[[[\""a3\"",\""a2\"",\""a5\"",\""a6\""]],[[\""h3\"",\""h2\"",\""h5\"",\""h6\""]]],\""available\"":[]}"" [score]; prt1: # = 1 | prt1-1-T | prt1-5-T","Seed: 645938; ans1: ""[\""a1\"",\""a2\"",\""a3\"",\""a4\"",\""a5\"",\""a6\"",\""a7\""],[\""h1\"",\""h2\"",\""h3\"",\""h4\"",\""h5\"",\""h6\"",\""h7\""]"" [score]; prt1: [RUNTIME_FV_ERROR] # = 0 | apply: second argument must be a list; found: a2[2][1][1]   |intersection: argument must be a set; found: a2[2][1][1]|intersection: argument must be a set; found: a2[2][2][1] | prt1-1-F | prt1-2-F | prt1-3-F | prt1-4-F | prt1-5-F | prt1-6-F | prt1-7-F | prt1-8-F",Project C,False,False
id_29638290,Lee,Heather,h.lee@student.example.com,Finished,28 July 2025  3:58 PM,28 July 2025  4:01 PM,2 mins 54 secs,100.0,"   \({\left[ \text{h1} , \text{a4} , \text{a2} , \text{a1} , \text{a3} , \text{h2} , \text{h4} , \text{h3} \right]}\)         ","Seed: 857962; ans1: ""{\""used\"":[[[\""a2\"",\""a3\"",\""a4\"",\""a1\""]],[[\""h2\"",\""h3\"",\""h4\"",\""h1\""]]],\""available\"":[]}"" [score]; prt1: # = 1 | prt1-1-T | prt1-5-T","Seed: 857962; ans1: ""[\""a1\"",\""a2\"",\""a3\"",\""a4\"",\""a5\"",\""a6\"",\""a7\""],[\""h1\"",\""h2\"",\""h3\"",\""h4\"",\""h5\"",\""h6\"",\""h7\""]"" [score]; prt1: [RUNTIME_FV_ERROR] # = 0 | apply: second argument must be a list; found: a2[2][1][1]   |intersection: argument must be a set; found: a2[2][1][1]|intersection: argument must be a set; found: a2[2][2][1] | prt1-1-F | prt1-2-F | prt1-3-F | prt1-4-F | prt1-5-F | prt1-6-F | prt1-7-F | prt1-8-F",Project A,True,True
id_40869660,Brown,Micheal,m.brown@student.example.com,Finished,28 July 2025  5:18 PM,28 July 2025  5:25 PM,7 mins 3 secs,100.0,"   \({\left[ \text{a6} , \text{h6} , \text{a5} , \text{a7} , \text{h5} , \text{h2} , \text{h7} , \text{a2} \right]}\)         ","Seed: 725231; ans1: ""{\""used\"":[[[\""a2\"",\""a7\"",\""a5\"",\""a6\""]],[[\""h2\"",\""h7\"",\""h5\"",\""h6\""]]],\""available\"":[]}"" [score]; prt1: # = 1 | prt1-1-T | prt1-5-T","Seed: 725231; ans1: ""[\""a1\"",\""a2\"",\""a3\"",\""a4\"",\""a5\"",\""a6\"",\""a7\""],[\""h1\"",\""h2\"",\""h3\"",\""h4\"",\""h5\"",\""h6\"",\""h7\""]"" [score]; prt1: [RUNTIME_FV_ERROR] # = 0 | apply: second argument must be a list; found: a2[2][1][1]   |intersection: argument must be a set; found: a2[2][1][1]|intersection: argument must be a set; found: a2[2][2][1] | prt1-1-F | prt1-2-F | prt1-3-F | prt1-4-F | prt1-5-F | prt1-6-F | prt1-7-F | prt1-8-F",Project C,False,False
id_15267530,Bishop,Trevor,t.bishop@student.example.com,Finished,28 July 2025  5:32 PM,30 July 2025  8:21 AM,1 day 14 hours,100.0,"   \({\left[ \text{h5} , \text{h1} , \text{a5} , \text{a6} , \text{a2} , \text{a1} , \text{h2} , \text{h6} \right]}\)         ","Seed: 974422; ans1: ""{\""used\"":[[[\""a5\"",\""a6\"",\""a2\"",\""a1\""]],[[\""h1\"",\""h5\"",\""h2\"",\""h6\""]]],\""available\"":[]}"" [score]; prt1: # = 1 | prt1-1-T | prt1-5-T","Seed: 974422; ans1: ""[\""a1\"",\""a2\"",\""a3\"",\""a4\"",\""a5\"",\""a6\"",\""a7\""],[\""h1\"",\""h2\"",\""h3\"",\""h4\"",\""h5\"",\""h6\"",\""h7\""]"" [score]; prt1: [RUNTIME_FV_ERROR] # = 0 | apply: second argument must be a list; found: a2[2][1][1]   |intersection: argument must be a set; found: a2[2][1][1]|intersection: argument must be a set; found: a2[2][2][1] | prt1-1-F | prt1-2-F | prt1-3-F | prt1-4-F | prt1-5-F | prt1-6-F | prt1-7-F | prt1-8-F",Project C,False,False
id_70550596,Williams,Christopher,c.williams@student.example.com,Finished,28 July 2025  6:01 PM,28 July 2025  6:48 PM,46 mins 46 secs,100.0,"   \({\left[ \text{h2} , \text{h1} , \text{a2} , \text{h7} , \text{a3} , \text{a7} , \text{h3} , \text{a1} \right]}\)         ","Seed: 468277; ans1: ""{\""used\"":[[[\""a2\"",\""a3\"",\""a7\"",\""a1\""]],[[\""h1\"",\""h3\"",\""h7\"",\""h2\""]]],\""available\"":[]}"" [score]; prt1: # = 1 | prt1-1-T | prt1-5-T","Seed: 468277; ans1: ""[\""a1\"",\""a2\"",\""a3\"",\""a4\"",\""a5\"",\""a6\"",\""a7\""],[\""h1\"",\""h2\"",\""h3\"",\""h4\"",\""h5\"",\""h6\"",\""h7\""]"" [score]; prt1: [RUNTIME_FV_ERROR] # = 0 | apply: second argument must be a list; found: a2[2][1][1]   |intersection: argument must be a set; found: a2[2][1][1]|intersection: argument must be a set; found: a2[2][2][1] | prt1-1-F | prt1-2-F | prt1-3-F | prt1-4-F | prt1-5-F | prt1-6-F | prt1-7-F | prt1-8-F",Project B,False,False
id_92849443,Castillo,Laura,l.castillo@student.example.com,Finished,28 July 2025  8:00 PM,30 July 2025  4:30 PM,1 day 20 hours,100.0,"   \({\left[ \text{h1} , \text{a2} , \text{a7} , \text{h2} , \text{a6} , \text{h6} , \text{h7} , \text{a1} \right]}\)         ","Seed: 194868; ans1: ""{\""used\"":[[[\""a6\"",\""a7\"",\""a1\"",\""a2\""]],[[\""h1\"",\""h2\"",\""h7\"",\""h6\""]]],\""available\"":[]}"" [score]; prt1: # = 1 | prt1-1-T | prt1-5-T","Seed: 194868; ans1: ""[\""a1\"",\""a2\"",\""a3\"",\""a4\"",\""a5\"",\""a6\"",\""a7\""],[\""h1\"",\""h2\"",\""h3\"",\""h4\"",\""h5\"",\""h6\"",\""h7\""]"" [score]; prt1: [RUNTIME_FV_ERROR] # = 0 | apply: second argument must be a list; found: a2[2][1][1]   |intersection: argument must be a set; found: a2[2][1][1]|intersection: argument must be a set; found: a2[2][2][1] | prt1-1-F | prt1-2-F | prt1-3-F | prt1-4-F | prt1-5-F | prt1-6-F | prt1-7-F | prt1-8-F",Project C,False,False
id_41514307,Fields,Nancy,n.fields@student.example.com,Finished,28 July 2025  8:21 PM,28 July 2025  8:28 PM,7 mins 40 secs,100.0,"   \({\left[ \text{a2} , \text{h4} , \text{a1} , \text{h1} , \text{h7} , \text{h2} , \text{a4} , \text{a7} \right]}\)         ","Seed: 518811; ans1: ""{\""used\"":[[[\""a1\"",\""a2\"",\""a4\"",\""a7\""]],[[\""h1\"",\""h2\"",\""h4\"",\""h7\""]]],\""available\"":[]}"" [score]; prt1: # = 1 | prt1-1-T | prt1-5-T","Seed: 518811; ans1: ""[\""a1\"",\""a2\"",\""a3\"",\""a4\"",\""a5\"",\""a6\"",\""a7\""],[\""h1\"",\""h2\"",\""h3\"",\""h4\"",\""h5\"",\""h6\"",\""h7\""]"" [score]; prt1: [RUNTIME_FV_ERROR] # = 0 | apply: second argument must be a list; found: a2[2][1][1]   |intersection: argument must be a set; found: a2[2][1][1]|intersection: argument must be a set; found: a2[2][2][1] | prt1-1-F | prt1-2-F | prt1-3-F | prt1-4-F | prt1-5-F | prt1-6-F | prt1-7-F | prt1-8-F",Project B,False,False
id_12774032,Nicholson,Michael,m.nicholson@student.example.com,Finished,28 July 2025  8:24 PM,28 July 2025  8:38 PM,13 mins 3 secs,100.0,"   \({\left[ \text{h3} , \text{a1} , \text{h7} , \text{h4} , \text{h1} , \text{a3} , \text{a7} , \text{a4} \right]}\)         ","Seed: 631185; ans1: ""{\""used\"":[[[\""a1\"",\""a3\"",\""a4\"",\""a7\""]],[[\""h1\"",\""h3\"",\""h4\"",\""h7\""]]],\""available\"":[]}"" [score]; prt1: # = 1 | prt1-1-T | prt1-5-T","Seed: 631185; ans1: ""[\""a1\"",\""a2\"",\""a3\"",\""a4\"",\""a5\"",\""a6\"",\""a7\""],[\""h1\"",\""h2\"",\""h3\"",\""h4\"",\""h5\"",\""h6\"",\""h7\""]"" [score]; prt1: [RUNTIME_FV_ERROR] # = 0 | apply: second argument must be a list; found: a2[2][1][1]   |intersection: argument must be a set; found: a2[2][1][1]|intersection: argument must be a set; found: a2[2][2][1] | prt1-1-F | prt1-2-F | prt1-3-F | prt1-4-F | prt1-5-F | prt1-6-F | prt1-7-F | prt1-8-F",Project A,True,True
id_91076585,Adams,Robin,r.adams@student.example.com,Finished,28 July 2025  8:52 PM,28 July 2025  8:53 PM,48 secs,100.0,"   \({\left[ \text{a4} , \text{a3} , \text{h3} , \text{h4} , \text{h7} , \text{a7} , \text{h1} , \text{a1} \right]}\)         ","Seed: 299622; ans1: ""{\""used\"":[[[\""a4\"",\""a3\"",\""a7\"",\""a1\""]],[[\""h3\"",\""h4\"",\""h7\"",\""h1\""]]],\""available\"":[]}"" [score]; prt1: # = 1 | prt1-1-T | prt1-5-T","Seed: 299622; ans1: ""[\""a1\"",\""a2\"",\""a3\"",\""a4\"",\""a5\"",\""a6\"",\""a7\""],[\""h1\"",\""h2\"",\""h3\"",\""h4\"",\""h5\"",\""h6\"",\""h7\""]"" [score]; prt1: [RUNTIME_FV_ERROR] # = 0 | apply: second argument must be a list; found: a2[2][1][1]   |intersection: argument must be a set; found: a2[2][1][1]|intersection: argument must be a set; found: a2[2][2][1] | prt1-1-F | prt1-2-F | prt1-3-F | prt1-4-F | prt1-5-F | prt1-6-F | prt1-7-F | prt1-8-F",Project B,False,False
id_36764358,Schultz,Angela,a.schultz@student.example.com,Finished,28 July 2025  9:18 PM,28 July 2025  9:22 PM,4 mins 30 secs,100.0,"   \({\left[ \text{a3} , \text{a1} , \text{a5} , \text{h5} , \text{a6} , \text{h6} , \text{h3} , \text{h1} \right]}\)         ","Seed: 153405; ans1: ""{\""used\"":[[[\""a1\"",\""a6\"",\""a3\"",\""a5\""]],[[\""h1\"",\""h5\"",\""h3\"",\""h6\""]]],\""available\"":[]}"" [score]; prt1: # = 1 | prt1-1-T | prt1-5-T","Seed: 153405; ans1: ""[\""a1\"",\""a2\"",\""a3\"",\""a4\"",\""a5\"",\""a6\"",\""a7\""],[\""h1\"",\""h2\"",\""h3\"",\""h4\"",\""h5\"",\""h6\"",\""h7\""]"" [score]; prt1: [RUNTIME_FV_ERROR] # = 0 | apply: second argument must be a list; found: a2[2][1][1]   |intersection: argument must be a set; found: a2[2][1][1]|intersection: argument must be a set; found: a2[2][2][1] | prt1-1-F | prt1-2-F | prt1-3-F | prt1-4-F | prt1-5-F | prt1-6-F | prt1-7-F | prt1-8-F",Project B,False,False
id_99282681,Brewer,Blake,b.brewer@student.example.com,Finished,28 July 2025  11:13 PM,30 July 2025  5:00 PM,1 day 17 hours,100.0,"   \({\left[ \text{a3} , \text{h3} , \text{a4} , \text{h4} , \text{a6} , \text{a5} , \text{h6} , \text{h5} \right]}\)         ","Seed: 124515; ans1: ""{\""used\"":[[[\""a4\"",\""a3\"",\""a6\"",\""a5\""]],[[\""h4\"",\""h3\"",\""h5\"",\""h6\""]]],\""available\"":[]}"" [score]; prt1: # = 1 | prt1-1-T | prt1-5-T","Seed: 124515; ans1: ""[\""a1\"",\""a2\"",\""a3\"",\""a4\"",\""a5\"",\""a6\"",\""a7\""],[\""h1\"",\""h2\"",\""h3\"",\""h4\"",\""h5\"",\""h6\"",\""h7\""]"" [score]; prt1: [RUNTIME_FV_ERROR] # = 0 | apply: second argument must be a list; found: a2[2][1][1]   |intersection: argument must be a set; found: a2[2][1][1]|intersection: argument must be a set; found: a2[2][2][1] | prt1-1-F | prt1-2-F | prt1-3-F | prt1-4-F | prt1-5-F | prt1-6-F | prt1-7-F | prt1-8-F",Project C,False,False
id_87908511,Hart,Brandon,b.hart@student.example.com,Finished,28 July 2025  11:17 PM,29 July 2025  6:04 PM,18 hours 47 mins,100.0,"   \({\left[ \text{a2} , \text{h7} , \text{h2} , \text{a6} , \text{a7} , \text{a1} , \text{h6} , \text{h1} \right]}\)         ","Seed: 442178; ans1: ""{\""used\"":[[[\""a1\"",\""a2\"",\""a7\"",\""a6\""]],[[\""h1\"",\""h2\"",\""h7\"",\""h6\""]]],\""available\"":[]}"" [score]; prt1: # = 1 | prt1-1-T | prt1-5-T","Seed: 442178; ans1: ""[\""a1\"",\""a2\"",\""a3\"",\""a4\"",\""a5\"",\""a6\"",\""a7\""],[\""h1\"",\""h2\"",\""h3\"",\""h4\"",\""h5\"",\""h6\"",\""h7\""]"" [score]; prt1: [RUNTIME_FV_ERROR] # = 0 | apply: second argument must be a list; found: a2[2][1][1]   |intersection: argument must be a set; found: a2[2][1][1]|intersection: argument must be a set; found: a2[2][2][1] | prt1-1-F | prt1-2-F | prt1-3-F | prt1-4-F | prt1-5-F | prt1-6-F | prt1-7-F | prt1-8-F",Project A,True,True
id_41048310,Roth,Charles,c.roth@student.example.com,Finished,29 July 2025  9:12 AM,29 July 2025  9:14 AM,2 mins,100.0,"   \({\left[ \text{h2} , \text{a3} , \text{a1} , \text{a4} , \text{h1} , \text{h3} , \text{h4} , \text{a2} \right]}\)         ","Seed: 778650; ans1: ""{\""used\"":[[[\""a1\"",\""a2\"",\""a3\"",\""a4\""]],[[\""h1\"",\""h2\"",\""h3\"",\""h4\""]]],\""available\"":[]}"" [score]; prt1: # = 1 | prt1-1-T | prt1-5-T","Seed: 778650; ans1: ""[\""a1\"",\""a2\"",\""a3\"",\""a4\"",\""a5\"",\""a6\"",\""a7\""],[\""h1\"",\""h2\"",\""h3\"",\""h4\"",\""h5\"",\""h6\"",\""h7\""]"" [score]; prt1: [RUNTIME_FV_ERROR] # = 0 | apply: second argument must be a list; found: a2[2][1][1]   |intersection: argument must be a set; found: a2[2][1][1]|intersection: argument must be a set; found: a2[2][2][1] | prt1-1-F | prt1-2-F | prt1-3-F | prt1-4-F | prt1-5-F | prt1-6-F | prt1-7-F | prt1-8-F",Project B,False,False
id_11291038,Stewart,William,w.stewart@student.example.com,Finished,29 July 2025  9:15 AM,29 July 2025  9:16 AM,55 secs,100.0,"   \({\left[ \text{a3} , \text{h6} , \text{a2} , \text{h5} , \text{h3} , \text{h2} , \text{a6} , \text{a5} \right]}\)         ","Seed: 937046; ans1: ""{\""used\"":[[[\""a2\"",\""a3\"",\""a5\"",\""a6\""]],[[\""h2\"",\""h3\"",\""h5\"",\""h6\""]]],\""available\"":[]}"" [score]; prt1: # = 1 | prt1-1-T | prt1-5-T","Seed: 937046; ans1: ""[\""a1\"",\""a2\"",\""a3\"",\""a4\"",\""a5\"",\""a6\"",\""a7\""],[\""h1\"",\""h2\"",\""h3\"",\""h4\"",\""h5\"",\""h6\"",\""h7\""]"" [score]; prt1: [RUNTIME_FV_ERROR] # = 0 | apply: second argument must be a list; found: a2[2][1][1]   |intersection: argument must be a set; found: a2[2][1][1]|intersection: argument must be a set; found: a2[2][2][1] | prt1-1-F | prt1-2-F | prt1-3-F | prt1-4-F | prt1-5-F | prt1-6-F | prt1-7-F | prt1-8-F",Project B,False,False
id_20938170,Morris,Alexander,a.morris@student.example.com,Finished,29 July 2025  9:44 AM,30 July 2025  3:35 PM,1 day 5 hours,93.75,"   \({\left[ \text{h2} , \text{h1} , \text{h4} , \text{a7} , \text{a4} , \text{h7} , \text{a2} , \text{a1} \right]}\)         ","Seed: 741575; ans1: ""{\""used\"":[[[\""a4\"",\""h1\"",\""a7\"",\""a2\"",\""a1\""]],[[\""h2\"",\""h7\"",\""h4\""]]],\""available\"":[]}"" [score]; prt1: # = 0.875 | prt1-1-T | prt1-5-F | prt1-6-T","Seed: 741575; ans1: ""[\""a1\"",\""a2\"",\""a3\"",\""a4\"",\""a5\"",\""a6\"",\""a7\""],[\""h1\"",\""h2\"",\""h3\"",\""h4\"",\""h5\"",\""h6\"",\""h7\""]"" [score]; prt1: [RUNTIME_FV_ERROR] # = 0 | apply: second argument must be a list; found: a2[2][1][1]   |intersection: argument must be a set; found: a2[2][1][1]|intersection: argument must be a set; found: a2[2][2][1] | prt1-1-F | prt1-2-F | prt1-3-F | prt1-4-F | prt1-5-F | prt1-6-F | prt1-7-F | prt1-8-F",Project A,True,True
id_60032499,Blackburn,Walter,w.blackburn@student.example.com,Finished,29 July 2025  9:54 AM,29 July 2025  9:56 AM,2 mins 11 secs,93.75,"   \({\left[ \text{a6} , \text{h5} , \text{a3} , \text{h6} , \text{a5} , \text{h3} , \text{h1} , \text{a1} \right]}\)         ","Seed: 156552; ans1: ""{\""used\"":[[[\""a3\"",\""a1\"",\""a6\""]],[[\""h5\"",\""a5\"",\""h1\"",\""h6\"",\""h3\""]]],\""available\"":[]}"" [score]; prt1: # = 0.875 | prt1-1-F | prt1-2-T | prt1-5-T","Seed: 156552; ans1: ""[\""a1\"",\""a2\"",\""a3\"",\""a4\"",\""a5\"",\""a6\"",\""a7\""],[\""h1\"",\""h2\"",\""h3\"",\""h4\"",\""h5\"",\""h6\"",\""h7\""]"" [score]; prt1: [RUNTIME_FV_ERROR] # = 0 | apply: second argument must be a list; found: a2[2][1][1]   |intersection: argument must be a set; found: a2[2][1][1]|intersection: argument must be a set; found: a2[2][2][1] | prt1-1-F | prt1-2-F | prt1-3-F | prt1-4-F | prt1-5-F | prt1-6-F | prt1-7-F | prt1-8-F",Project A,True,True
id_56737561,Adkins,Carla,c.adkins@student.example.com,Finished,29 July 2025  12:14 PM,29 July 2025  12:16 PM,2 mins 20 secs,100.0,"   \({\left[ \text{h7} , \text{a6} , \text{h1} , \text{a4} , \text{a1} , \text{h6} , \text{a7} , \text{h4} \right]}\)         ","Seed: 541551; ans1: ""{\""used\"":[[[\""a6\"",\""a1\"",\""a4\"",\""a7\""]],[[\""h7\"",\""h6\"",\""h4\"",\""h1\""]]],\""available\"":[]}"" [score]; prt1: # = 1 | prt1-1-T | prt1-5-T","Seed: 541551; ans1: ""[\""a1\"",\""a2\"",\""a3\"",\""a4\"",\""a5\"",\""a6\"",\""a7\""],[\""h1\"",\""h2\"",\""h3\"",\""h4\"",\""h5\"",\""h6\"",\""h7\""]"" [score]; prt1: [RUNTIME_FV_ERROR] # = 0 | apply: second argument must be a list; found: a2[2][1][1]   |intersection: argument must be a set; found: a2[2][1][1]|intersection: argument must be a set; found: a2[2][2][1] | prt1-1-F | prt1-2-F | prt1-3-F | prt1-4-F | prt1-5-F | prt1-6-F | prt1-7-F | prt1-8-F",Project B,False,False
id_17922675,Foster,Daniel,d.foster@student.example.com,Finished,29 July 2025  12:59 PM,29 July 2025  1:00 PM,49 secs,100.0,"   \({\left[ \text{h2} , \text{h5} , \text{h6} , \text{a2} , \text{a5} , \text{a4} , \text{a6} , \text{h4} \right]}\)         ","Seed: 87522; ans1: ""{\""used\"":[[[\""a5\"",\""a4\"",\""a2\"",\""a6\""]],[[\""h5\"",\""h4\"",\""h2\"",\""h6\""]]],\""available\"":[]}"" [score]; prt1: # = 1 | prt1-1-T | prt1-5-T","Seed: 87522; ans1: ""[\""a1\"",\""a2\"",\""a3\"",\""a4\"",\""a5\"",\""a6\"",\""a7\""],[\""h1\"",\""h2\"",\""h3\"",\""h4\"",\""h5\"",\""h6\"",\""h7\""]"" [score]; prt1: [RUNTIME_FV_ERROR] # = 0 | apply: second argument must be a list; found: a2[2][1][1]   |intersection: argument must be a set; found: a2[2][1][1]|intersection: argument must be a set; found: a2[2][2][1] | prt1-1-F | prt1-2-F | prt1-3-F | prt1-4-F | prt1-5-F | prt1-6-F | prt1-7-F | prt1-8-F",Project C,False,False
id_67121924,Gardner,Jeremy,j.gardner@student.example.com,Finished,29 July 2025  1:33 PM,29 July 2025  1:51 PM,18 mins 15 secs,100.0,"   \({\left[ \text{a1} , \text{h4} , \text{h6} , \text{a5} , \text{h1} , \text{h5} , \text{a4} , \text{a6} \right]}\)         ","Seed: 893767; ans1: ""{\""used\"":[[[\""a1\"",\""a5\"",\""a4\"",\""a6\""]],[[\""h4\"",\""h6\"",\""h1\"",\""h5\""]]],\""available\"":[]}"" [score]; prt1: # = 1 | prt1-1-T | prt1-5-T","Seed: 893767; ans1: ""[\""a1\"",\""a2\"",\""a3\"",\""a4\"",\""a5\"",\""a6\"",\""a7\""],[\""h1\"",\""h2\"",\""h3\"",\""h4\"",\""h5\"",\""h6\"",\""h7\""]"" [score]; prt1: [RUNTIME_FV_ERROR] # = 0 | apply: second argument must be a list; found: a2[2][1][1]   |intersection: argument must be a set; found: a2[2][1][1]|intersection: argument must be a set; found: a2[2][2][1] | prt1-1-F | prt1-2-F | prt1-3-F | prt1-4-F | prt1-5-F | prt1-6-F | prt1-7-F | prt1-8-F",Project A,True,True
id_20447173,Jennings,Sandra,s.jennings@student.example.com,Finished,29 July 2025  2:51 PM,29 July 2025  2:52 PM,1 min 6 secs,87.5,"   \({\left[ \text{a5} , \text{a4} , \text{h1} , \text{h3} , \text{a3} , \text{h5} , \text{a1} , \text{h4} \right]}\)         ","Seed: 722337; ans1: ""{\""used\"":[[[\""a4\"",\""a3\"",\""h1\"",\""a5\""]],[[\""h3\"",\""h5\"",\""a1\"",\""h4\""]]],\""available\"":[]}"" [score]; prt1: # = 0.75 | prt1-1-F | prt1-2-T | prt1-5-F | prt1-6-T","Seed: 722337; ans1: ""[\""a1\"",\""a2\"",\""a3\"",\""a4\"",\""a5\"",\""a6\"",\""a7\""],[\""h1\"",\""h2\"",\""h3\"",\""h4\"",\""h5\"",\""h6\"",\""h7\""]"" [score]; prt1: [RUNTIME_FV_ERROR] # = 0 | apply: second argument must be a list; found: a2[2][1][1]   |intersection: argument must be a set; found: a2[2][1][1]|intersection: argument must be a set; found: a2[2][2][1] | prt1-1-F | prt1-2-F | prt1-3-F | prt1-4-F | prt1-5-F | prt1-6-F | prt1-7-F | prt1-8-F",Project B,False,False
id_93135410,Lee,Destiny,d.lee@student.example.com,Finished,29 July 2025  5:23 PM,29 July 2025  5:29 PM,5 mins 44 secs,93.75,"   \({\left[ \text{h2} , \text{a4} , \text{h4} , \text{h7} , \text{a6} , \text{a2} , \text{h6} , \text{a7} \right]}\)         ","Seed: 681347; ans1: ""{\""used\"":[[[\""a4\"",\""h4\"",\""a6\"",\""a7\"",\""a2\""]],[[\""h2\"",\""h7\"",\""h6\""]]],\""available\"":[]}"" [score]; prt1: # = 0.875 | prt1-1-T | prt1-5-F | prt1-6-T","Seed: 681347; ans1: ""[\""a1\"",\""a2\"",\""a3\"",\""a4\"",\""a5\"",\""a6\"",\""a7\""],[\""h1\"",\""h2\"",\""h3\"",\""h4\"",\""h5\"",\""h6\"",\""h7\""]"" [score]; prt1: [RUNTIME_FV_ERROR] # = 0 | apply: second argument must be a list; found: a2[2][1][1]   |intersection: argument must be a set; found: a2[2][1][1]|intersection: argument must be a set; found: a2[2][2][1] | prt1-1-F | prt1-2-F | prt1-3-F | prt1-4-F | prt1-5-F | prt1-6-F | prt1-7-F | prt1-8-F",Project C,False,False
id_95111967,Barber,Keith,k.barber@student.example.com,Finished,29 July 2025  6:02 PM,29 July 2025  6:04 PM,2 mins 10 secs,100.0,"   \({\left[ \text{h5} , \text{a4} , \text{h2} , \text{a1} , \text{a5} , \text{h4} , \text{h1} , \text{a2} \right]}\)         ","Seed: 742197; ans1: ""{\""used\"":[[[\""a4\"",\""a1\"",\""a5\"",\""a2\""]],[[\""h5\"",\""h2\"",\""h1\"",\""h4\""]]],\""available\"":[]}"" [score]; prt1: # = 1 | prt1-1-T | prt1-5-T","Seed: 742197; ans1: ""[\""a1\"",\""a2\"",\""a3\"",\""a4\"",\""a5\"",\""a6\"",\""a7\""],[\""h1\"",\""h2\"",\""h3\"",\""h4\"",\""h5\"",\""h6\"",\""h7\""]"" [score]; prt1: [RUNTIME_FV_ERROR] # = 0 | apply: second argument must be a list; found: a2[2][1][1]   |intersection: argument must be a set; found: a2[2][1][1]|intersection: argument must be a set; found: a2[2][2][1] | prt1-1-F | prt1-2-F | prt1-3-F | prt1-4-F | prt1-5-F | prt1-6-F | prt1-7-F | prt1-8-F",Project A,True,True
id_44054384,Garcia,Joyce,j.garcia@student.example.com,Finished,29 July 2025  6:48 PM,6 August 2025  3:55 PM,7 days 21 hours,100.0,"   \({\left[ \text{a7} , \text{a5} , \text{h5} , \text{a4} , \text{h3} , \text{h7} , \text{a3} , \text{h4} \right]}\)         ","Seed: 266094; ans1: ""{\""used\"":[[[\""a3\"",\""a4\"",\""a7\"",\""a5\""]],[[\""h3\"",\""h4\"",\""h7\"",\""h5\""]]],\""available\"":[]}"" [score]; prt1: # = 1 | prt1-1-T | prt1-5-T","Seed: 266094; ans1: ""[\""a1\"",\""a2\"",\""a3\"",\""a4\"",\""a5\"",\""a6\"",\""a7\""],[\""h1\"",\""h2\"",\""h3\"",\""h4\"",\""h5\"",\""h6\"",\""h7\""]"" [score]; prt1: [RUNTIME_FV_ERROR] # = 0 | apply: second argument must be a list; found: a2[2][1][1]   |intersection: argument must be a set; found: a2[2][1][1]|intersection: argument must be a set; found: a2[2][2][1] | prt1-1-F | prt1-2-F | prt1-3-F | prt1-4-F | prt1-5-F | prt1-6-F | prt1-7-F | prt1-8-F",Project C,False,False
id_86406712,Miller,Heather,h.miller@student.example.com,Finished,29 July 2025  6:54 PM,29 July 2025  6:59 PM,4 mins 53 secs,100.0,"   \({\left[ \text{h2} , \text{a5} , \text{h6} , \text{a2} , \text{a4} , \text{a6} , \text{h4} , \text{h5} \right]}\)         ","Seed: 483653; ans1: ""{\""used\"":[[[\""a5\"",\""a2\"",\""a6\"",\""a4\""]],[[\""h5\"",\""h4\"",\""h6\"",\""h2\""]]],\""available\"":[]}"" [score]; prt1: # = 1 | prt1-1-T | prt1-5-T","Seed: 483653; ans1: ""[\""a1\"",\""a2\"",\""a3\"",\""a4\"",\""a5\"",\""a6\"",\""a7\""],[\""h1\"",\""h2\"",\""h3\"",\""h4\"",\""h5\"",\""h6\"",\""h7\""]"" [score]; prt1: [RUNTIME_FV_ERROR] # = 0 | apply: second argument must be a list; found: a2[2][1][1]   |intersection: argument must be a set; found: a2[2][1][1]|intersection: argument must be a set; found: a2[2][2][1] | prt1-1-F | prt1-2-F | prt1-3-F | prt1-4-F | prt1-5-F | prt1-6-F | prt1-7-F | prt1-8-F",Project B,False,False
id_54729471,Glenn,Erin,e.glenn@student.example.com,Finished,29 July 2025  7:25 PM,29 July 2025  7:29 PM,3 mins 32 secs,100.0,"   \({\left[ \text{h7} , \text{h3} , \text{h1} , \text{a6} , \text{a3} , \text{h6} , \text{a1} , \text{a7} \right]}\)         ","Seed: 134614; ans1: ""{\""used\"":[[[\""a3\"",\""a1\"",\""a7\"",\""a6\""]],[[\""h3\"",\""h6\"",\""h1\"",\""h7\""]]],\""available\"":[]}"" [score]; prt1: # = 1 | prt1-1-T | prt1-5-T","Seed: 134614; ans1: ""[\""a1\"",\""a2\"",\""a3\"",\""a4\"",\""a5\"",\""a6\"",\""a7\""],[\""h1\"",\""h2\"",\""h3\"",\""h4\"",\""h5\"",\""h6\"",\""h7\""]"" [score]; prt1: [RUNTIME_FV_ERROR] # = 0 | apply: second argument must be a list; found: a2[2][1][1]   |intersection: argument must be a set; found: a2[2][1][1]|intersection: argument must be a set; found: a2[2][2][1] | prt1-1-F | prt1-2-F | prt1-3-F | prt1-4-F | prt1-5-F | prt1-6-F | prt1-7-F | prt1-8-F",Project B,False,False
id_57237585,Mccullough,Mark,m.mccullough@student.example.com,Finished,29 July 2025  7:44 PM,29 July 2025  7:50 PM,6 mins 6 secs,100.0,"   \({\left[ \text{h3} , \text{a5} , \text{a7} , \text{h6} , \text{h5} , \text{a6} , \text{h7} , \text{a3} \right]}\)         ","Seed: 170803; ans1: ""{\""used\"":[[[\""a3\"",\""a6\"",\""a7\"",\""a5\""]],[[\""h3\"",\""h7\"",\""h5\"",\""h6\""]]],\""available\"":[]}"" [score]; prt1: # = 1 | prt1-1-T | prt1-5-T","Seed: 170803; ans1: ""[\""a1\"",\""a2\"",\""a3\"",\""a4\"",\""a5\"",\""a6\"",\""a7\""],[\""h1\"",\""h2\"",\""h3\"",\""h4\"",\""h5\"",\""h6\"",\""h7\""]"" [score]; prt1: [RUNTIME_FV_ERROR] # = 0 | apply: second argument must be a list; found: a2[2][1][1]   |intersection: argument must be a set; found: a2[2][1][1]|intersection: argument must be a set; found: a2[2][2][1] | prt1-1-F | prt1-2-F | prt1-3-F | prt1-4-F | prt1-5-F | prt1-6-F | prt1-7-F | prt1-8-F",Project B,False,False
id_75052902,Garza,Maria,m.garza@student.example.com,Finished,29 July 2025  7:58 PM,29 July 2025  8:07 PM,8 mins 25 secs,100.0,"   \({\left[ \text{a4} , \text{h4} , \text{a3} , \text{a5} , \text{a7} , \text{h3} , \text{h7} , \text{h5} \right]}\)         ","Seed: 467031; ans1: ""{\""used\"":[[[\""a7\"",\""a5\"",\""a4\"",\""a3\""]],[[\""h7\"",\""h5\"",\""h4\"",\""h3\""]]],\""available\"":[]}"" [score]; prt1: # = 1 | prt1-1-T | prt1-5-T","Seed: 467031; ans1: ""[\""a1\"",\""a2\"",\""a3\"",\""a4\"",\""a5\"",\""a6\"",\""a7\""],[\""h1\"",\""h2\"",\""h3\"",\""h4\"",\""h5\"",\""h6\"",\""h7\""]"" [score]; prt1: [RUNTIME_FV_ERROR] # = 0 | apply: second argument must be a list; found: a2[2][1][1]   |intersection: argument must be a set; found: a2[2][1][1]|intersection: argument must be a set; found: a2[2][2][1] | prt1-1-F | prt1-2-F | prt1-3-F | prt1-4-F | prt1-5-F | prt1-6-F | prt1-7-F | prt1-8-F",Project A,True,True
id_31477701,Morrison,Jordan,j.morrison@student.example.com,Finished,29 July 2025  8:48 PM,30 July 2025  5:00 PM,20 hours 11 mins,50.0,"   \({\left[ \text{a4} , \text{h6} , \text{h7} , \text{a6} , \text{h5} , \text{a5} , \text{a7} , \text{h4} \right]}\)         ",Seed: 671832; prt1: !,"Seed: 671832; ans1: ""[\""a1\"",\""a2\"",\""a3\"",\""a4\"",\""a5\"",\""a6\"",\""a7\""],[\""h1\"",\""h2\"",\""h3\"",\""h4\"",\""h5\"",\""h6\"",\""h7\""]"" [score]; prt1: [RUNTIME_FV_ERROR] # = 0 | apply: second argument must be a list; found: a2[2][1][1]   |intersection: argument must be a set; found: a2[2][1][1]|intersection: argument must be a set; found: a2[2][2][1] | prt1-1-F | prt1-2-F | prt1-3-F | prt1-4-F | prt1-5-F | prt1-6-F | prt1-7-F | prt1-8-F",Project B,False,False
id_53408110,Gallegos,Jacqueline,j.gallegos@student.example.com,Finished,29 July 2025  9:26 PM,29 July 2025  9:31 PM,5 mins 33 secs,100.0,"   \({\left[ \text{h4} , \text{a6} , \text{h5} , \text{a4} , \text{h6} , \text{h3} , \text{a5} , \text{a3} \right]}\)         ","Seed: 549323; ans1: ""{\""used\"":[[[\""a6\"",\""a5\"",\""a4\"",\""a3\""]],[[\""h6\"",\""h5\"",\""h4\"",\""h3\""]]],\""available\"":[]}"" [score]; prt1: # = 1 | prt1-1-T | prt1-5-T","Seed: 549323; ans1: ""[\""a1\"",\""a2\"",\""a3\"",\""a4\"",\""a5\"",\""a6\"",\""a7\""],[\""h1\"",\""h2\"",\""h3\"",\""h4\"",\""h5\"",\""h6\"",\""h7\""]"" [score]; prt1: [RUNTIME_FV_ERROR] # = 0 | apply: second argument must be a list; found: a2[2][1][1]   |intersection: argument must be a set; found: a2[2][1][1]|intersection: argument must be a set; found: a2[2][2][1] | prt1-1-F | prt1-2-F | prt1-3-F | prt1-4-F | prt1-5-F | prt1-6-F | prt1-7-F | prt1-8-F",Project A,True,True
id_41269352,Cooper,Peter,p.cooper@student.example.com,Finished,29 July 2025  9:34 PM,29 July 2025  9:36 PM,2 mins 10 secs,100.0,"   \({\left[ \text{a3} , \text{a4} , \text{h4} , \text{a6} , \text{h3} , \text{a5} , \text{h6} , \text{h5} \right]}\)         ","Seed: 525988; ans1: ""{\""used\"":[[[\""a3\"",\""a6\"",\""a4\"",\""a5\""]],[[\""h4\"",\""h3\"",\""h5\"",\""h6\""]]],\""available\"":[]}"" [score]; prt1: # = 1 | prt1-1-T | prt1-5-T","Seed: 525988; ans1: ""[\""a1\"",\""a2\"",\""a3\"",\""a4\"",\""a5\"",\""a6\"",\""a7\""],[\""h1\"",\""h2\"",\""h3\"",\""h4\"",\""h5\"",\""h6\"",\""h7\""]"" [score]; prt1: [RUNTIME_FV_ERROR] # = 0 | apply: second argument must be a list; found: a2[2][1][1]   |intersection: argument must be a set; found: a2[2][1][1]|intersection: argument must be a set; found: a2[2][2][1] | prt1-1-F | prt1-2-F | prt1-3-F | prt1-4-F | prt1-5-F | prt1-6-F | prt1-7-F | prt1-8-F",Project B,False,False
id_54053637,Smith,Michelle,m.smith@student.example.com,Finished,29 July 2025  11:48 PM,29 July 2025  11:52 PM,3 mins 2 secs,100.0,"   \({\left[ \text{h2} , \text{a3} , \text{h3} , \text{a4} , \text{a2} , \text{a7} , \text{h4} , \text{h7} \right]}\)         ","Seed: 910377; ans1: ""{\""used\"":[[[\""a3\"",\""a4\"",\""a2\"",\""a7\""]],[[\""h2\"",\""h3\"",\""h7\"",\""h4\""]]],\""available\"":[]}"" [score]; prt1: # = 1 | prt1-1-T | prt1-5-T","Seed: 910377; ans1: ""[\""a1\"",\""a2\"",\""a3\"",\""a4\"",\""a5\"",\""a6\"",\""a7\""],[\""h1\"",\""h2\"",\""h3\"",\""h4\"",\""h5\"",\""h6\"",\""h7\""]"" [score]; prt1: [RUNTIME_FV_ERROR] # = 0 | apply: second argument must be a list; found: a2[2][1][1]   |intersection: argument must be a set; found: a2[2][1][1]|intersection: argument must be a set; found: a2[2][2][1] | prt1-1-F | prt1-2-F | prt1-3-F | prt1-4-F | prt1-5-F | prt1-6-F | prt1-7-F | prt1-8-F",Project B,False,False
id_86172822,Torres,Michael,m.torres@student.example.com,Finished,30 July 2025  12:48 AM,30 July 2025  12:50 AM,2 mins 29 secs,100.0,"   \({\left[ \text{h4} , \text{a4} , \text{h3} , \text{h2} , \text{a2} , \text{h1} , \text{a3} , \text{a1} \right]}\)         ","Seed: 421950; ans1: ""{\""used\"":[[[\""a4\"",\""a3\"",\""a2\"",\""a1\""]],[[\""h4\"",\""h3\"",\""h2\"",\""h1\""]]],\""available\"":[]}"" [score]; prt1: # = 1 | prt1-1-T | prt1-5-T","Seed: 421950; ans1: ""[\""a1\"",\""a2\"",\""a3\"",\""a4\"",\""a5\"",\""a6\"",\""a7\""],[\""h1\"",\""h2\"",\""h3\"",\""h4\"",\""h5\"",\""h6\"",\""h7\""]"" [score]; prt1: [RUNTIME_FV_ERROR] # = 0 | apply: second argument must be a list; found: a2[2][1][1]   |intersection: argument must be a set; found: a2[2][1][1]|intersection: argument must be a set; found: a2[2][2][1] | prt1-1-F | prt1-2-F | prt1-3-F | prt1-4-F | prt1-5-F | prt1-6-F | prt1-7-F | prt1-8-F",Project C,False,False
id_50758387,Mcclain,Logan,l.mcclain@student.example.com,Finished,30 July 2025  2:59 AM,30 July 2025  3:06 AM,7 mins 1 sec,100.0,"   \({\left[ \text{h3} , \text{a5} , \text{h1} , \text{a4} , \text{a1} , \text{h5} , \text{h4} , \text{a3} \right]}\)         ","Seed: 398011; ans1: ""{\""used\"":[[[\""a1\"",\""a3\"",\""a4\"",\""a5\""]],[[\""h3\"",\""h4\"",\""h1\"",\""h5\""]]],\""available\"":[]}"" [score]; prt1: # = 1 | prt1-1-T | prt1-5-T","Seed: 398011; ans1: ""[\""a1\"",\""a2\"",\""a3\"",\""a4\"",\""a5\"",\""a6\"",\""a7\""],[\""h1\"",\""h2\"",\""h3\"",\""h4\"",\""h5\"",\""h6\"",\""h7\""]"" [score]; prt1: [RUNTIME_FV_ERROR] # = 0 | apply: second argument must be a list; found: a2[2][1][1]   |intersection: argument must be a set; found: a2[2][1][1]|intersection: argument must be a set; found: a2[2][2][1] | prt1-1-F | prt1-2-F | prt1-3-F | prt1-4-F | prt1-5-F | prt1-6-F | prt1-7-F | prt1-8-F",Project B,False,False
id_55113143,Williams,James,j.williams@student.example.com,Finished,30 July 2025  9:14 AM,30 July 2025  5:00 PM,7 hours 45 mins,87.5,"   \({\left[ \text{a5} , \text{h7} , \text{h3} , \text{a7} , \text{h5} , \text{a4} , \text{a3} , \text{h4} \right]}\)         ","Seed: 497535; ans1: ""{\""used\"":[[[\""a5\"",\""h5\"",\""a4\"",\""a3\""]],[[\""h3\"",\""h7\"",\""a7\"",\""h4\""]]],\""available\"":[]}"" [score]; prt1: # = 0.75 | prt1-1-F | prt1-2-T | prt1-5-F | prt1-6-T","Seed: 497535; ans1: ""[\""a1\"",\""a2\"",\""a3\"",\""a4\"",\""a5\"",\""a6\"",\""a7\""],[\""h1\"",\""h2\"",\""h3\"",\""h4\"",\""h5\"",\""h6\"",\""h7\""]"" [score]; prt1: [RUNTIME_FV_ERROR] # = 0 | apply: second argument must be a list; found: a2[2][1][1]   |intersection: argument must be a set; found: a2[2][1][1]|intersection: argument must be a set; found: a2[2][2][1] | prt1-1-F | prt1-2-F | prt1-3-F | prt1-4-F | prt1-5-F | prt1-6-F | prt1-7-F | prt1-8-F",Project C,False,False
id_83240469,Blanchard,Jane,j.blanchard@student.example.com,Finished,30 July 2025  10:13 AM,30 July 2025  10:15 AM,2 mins 6 secs,100.0,"   \({\left[ \text{h3} , \text{a7} , \text{a3} , \text{a2} , \text{h2} , \text{h7} , \text{h6} , \text{a6} \right]}\)         ","Seed: 440205; ans1: ""{\""used\"":[[[\""a3\"",\""a7\"",\""a6\"",\""a2\""]],[[\""h3\"",\""h2\"",\""h7\"",\""h6\""]]],\""available\"":[]}"" [score]; prt1: # = 1 | prt1-1-T | prt1-5-T","Seed: 440205; ans1: ""[\""a1\"",\""a2\"",\""a3\"",\""a4\"",\""a5\"",\""a6\"",\""a7\""],[\""h1\"",\""h2\"",\""h3\"",\""h4\"",\""h5\"",\""h6\"",\""h7\""]"" [score]; prt1: [RUNTIME_FV_ERROR] # = 0 | apply: second argument must be a list; found: a2[2][1][1]   |intersection: argument must be a set; found: a2[2][1][1]|intersection: argument must be a set; found: a2[2][2][1] | prt1-1-F | prt1-2-F | prt1-3-F | prt1-4-F | prt1-5-F | prt1-6-F | prt1-7-F | prt1-8-F",Project B,False,False
id_50475029,Salinas,Thomas,t.salinas@student.example.com,Finished,30 July 2025  11:16 AM,30 July 2025  11:20 AM,3 mins 34 secs,100.0,"   \({\left[ \text{h3} , \text{a7} , \text{h4} , \text{a4} , \text{h5} , \text{a5} , \text{a3} , \text{h7} \right]}\)         ","Seed: 65074; ans1: ""{\""used\"":[[[\""a3\"",\""a4\"",\""a5\"",\""a7\""]],[[\""h3\"",\""h4\"",\""h5\"",\""h7\""]]],\""available\"":[]}"" [score]; prt1: # = 1 | prt1-1-T | prt1-5-T","Seed: 65074; ans1: ""[\""a1\"",\""a2\"",\""a3\"",\""a4\"",\""a5\"",\""a6\"",\""a7\""],[\""h1\"",\""h2\"",\""h3\"",\""h4\"",\""h5\"",\""h6\"",\""h7\""]"" [score]; prt1: [RUNTIME_FV_ERROR] # = 0 | apply: second argument must be a list; found: a2[2][1][1]   |intersection: argument must be a set; found: a2[2][1][1]|intersection: argument must be a set; found: a2[2][2][1] | prt1-1-F | prt1-2-F | prt1-3-F | prt1-4-F | prt1-5-F | prt1-6-F | prt1-7-F | prt1-8-F",Project A,True,True
id_38803723,Harris,Todd,t.harris@student.example.com,Finished,30 July 2025  11:27 AM,30 July 2025  11:31 AM,3 mins 29 secs,93.75,"   \({\left[ \text{a3} , \text{a2} , \text{h2} , \text{a6} , \text{a1} , \text{h6} , \text{h3} , \text{h1} \right]}\)         ","Seed: 70222; ans1: ""{\""used\"":[[[\""a1\"",\""a6\"",\""a3\""]],[[\""a2\"",\""h2\"",\""h3\"",\""h6\"",\""h1\""]]],\""available\"":[]}"" [score]; prt1: # = 0.875 | prt1-1-F | prt1-2-T | prt1-5-T","Seed: 70222; ans1: ""[\""a1\"",\""a2\"",\""a3\"",\""a4\"",\""a5\"",\""a6\"",\""a7\""],[\""h1\"",\""h2\"",\""h3\"",\""h4\"",\""h5\"",\""h6\"",\""h7\""]"" [score]; prt1: [RUNTIME_FV_ERROR] # = 0 | apply: second argument must be a list; found: a2[2][1][1]   |intersection: argument must be a set; found: a2[2][1][1]|intersection: argument must be a set; found: a2[2][2][1] | prt1-1-F | prt1-2-F | prt1-3-F | prt1-4-F | prt1-5-F | prt1-6-F | prt1-7-F | prt1-8-F",Project A,True,True
id_88215426,Parker,Brian,b.parker@student.example.com,Finished,30 July 2025  12:38 PM,30 July 2025  12:43 PM,4 mins 51 secs,100.0,"   \({\left[ \text{h7} , \text{a1} , \text{h6} , \text{a7} , \text{h1} , \text{h2} , \text{a2} , \text{a6} \right]}\)         ","Seed: 516919; ans1: ""{\""used\"":[[[\""a1\"",\""a2\"",\""a7\"",\""a6\""]],[[\""h1\"",\""h2\"",\""h7\"",\""h6\""]]],\""available\"":[]}"" [score]; prt1: # = 1 | prt1-1-T | prt1-5-T","Seed: 516919; ans1: ""[\""a1\"",\""a2\"",\""a3\"",\""a4\"",\""a5\"",\""a6\"",\""a7\""],[\""h1\"",\""h2\"",\""h3\"",\""h4\"",\""h5\"",\""h6\"",\""h7\""]"" [score]; prt1: [RUNTIME_FV_ERROR] # = 0 | apply: second argument must be a list; found: a2[2][1][1]   |intersection: argument must be a set; found: a2[2][1][1]|intersection: argument must be a set; found: a2[2][2][1] | prt1-1-F | prt1-2-F | prt1-3-F | prt1-4-F | prt1-5-F | prt1-6-F | prt1-7-F | prt1-8-F",Project A,True,True
id_33456721,Price,Diana,d.price@student.example.com,Finished,30 July 2025  1:09 PM,30 July 2025  1:11 PM,2 mins 31 secs,100.0,"   \({\left[ \text{h3} , \text{a5} , \text{a6} , \text{a3} , \text{h6} , \text{a1} , \text{h5} , \text{h1} \right]}\)         ","Seed: 940045; ans1: ""{\""used\"":[[[\""a5\"",\""a6\"",\""a3\"",\""a1\""]],[[\""h3\"",\""h6\"",\""h5\"",\""h1\""]]],\""available\"":[]}"" [score]; prt1: # = 1 | prt1-1-T | prt1-5-T","Seed: 940045; ans1: ""[\""a1\"",\""a2\"",\""a3\"",\""a4\"",\""a5\"",\""a6\"",\""a7\""],[\""h1\"",\""h2\"",\""h3\"",\""h4\"",\""h5\"",\""h6\"",\""h7\""]"" [score]; prt1: [RUNTIME_FV_ERROR] # = 0 | apply: second argument must be a list; found: a2[2][1][1]   |intersection: argument must be a set; found: a2[2][1][1]|intersection: argument must be a set; found: a2[2][2][1] | prt1-1-F | prt1-2-F | prt1-3-F | prt1-4-F | prt1-5-F | prt1-6-F | prt1-7-F | prt1-8-F",Project A,True,True
id_73505798,Baker,Leslie,l.baker@student.example.com,Finished,30 July 2025  1:10 PM,30 July 2025  1:13 PM,3 mins 13 secs,100.0,"   \({\left[ \text{a4} , \text{h6} , \text{a1} , \text{h4} , \text{h1} , \text{a6} , \text{h3} , \text{a3} \right]}\)         ","Seed: 754711; ans1: ""{\""used\"":[[[\""a4\"",\""a1\"",\""a6\"",\""a3\""]],[[\""h6\"",\""h4\"",\""h1\"",\""h3\""]]],\""available\"":[]}"" [score]; prt1: # = 1 | prt1-1-T | prt1-5-T","Seed: 754711; ans1: ""[\""a1\"",\""a2\"",\""a3\"",\""a4\"",\""a5\"",\""a6\"",\""a7\""],[\""h1\"",\""h2\"",\""h3\"",\""h4\"",\""h5\"",\""h6\"",\""h7\""]"" [score]; prt1: [RUNTIME_FV_ERROR] # = 0 | apply: second argument must be a list; found: a2[2][1][1]   |intersection: argument must be a set; found: a2[2][1][1]|intersection: argument must be a set; found: a2[2][2][1] | prt1-1-F | prt1-2-F | prt1-3-F | prt1-4-F | prt1-5-F | prt1-6-F | prt1-7-F | prt1-8-F",Project B,False,False
id_19895015,Lin,Dawn,d.lin@student.example.com,Finished,30 July 2025  1:56 PM,30 July 2025  2:06 PM,9 mins 56 secs,100.0,"   \({\left[ \text{a3} , \text{h5} , \text{a2} , \text{h2} , \text{h3} , \text{h6} , \text{a5} , \text{a6} \right]}\)         ","Seed: 594427; ans1: ""{\""used\"":[[[\""a3\"",\""a6\"",\""a2\"",\""a5\""]],[[\""h3\"",\""h6\"",\""h2\"",\""h5\""]]],\""available\"":[]}"" [score]; prt1: # = 1 | prt1-1-T | prt1-5-T","Seed: 594427; ans1: ""[\""a1\"",\""a2\"",\""a3\"",\""a4\"",\""a5\"",\""a6\"",\""a7\""],[\""h1\"",\""h2\"",\""h3\"",\""h4\"",\""h5\"",\""h6\"",\""h7\""]"" [score]; prt1: [RUNTIME_FV_ERROR] # = 0 | apply: second argument must be a list; found: a2[2][1][1]   |intersection: argument must be a set; found: a2[2][1][1]|intersection: argument must be a set; found: a2[2][2][1] | prt1-1-F | prt1-2-F | prt1-3-F | prt1-4-F | prt1-5-F | prt1-6-F | prt1-7-F | prt1-8-F",Project B,False,False
id_61758217,Davenport,Caitlin,c.davenport@student.example.com,Finished,30 July 2025  2:06 PM,30 July 2025  2:09 PM,2 mins 41 secs,100.0,"   \({\left[ \text{h3} , \text{a5} , \text{h1} , \text{h5} , \text{a1} , \text{a3} , \text{a4} , \text{h4} \right]}\)         ","Seed: 557166; ans1: ""{\""used\"":[[[\""a5\"",\""a1\"",\""a3\"",\""a4\""]],[[\""h3\"",\""h1\"",\""h5\"",\""h4\""]]],\""available\"":[]}"" [score]; prt1: # = 1 | prt1-1-T | prt1-5-T","Seed: 557166; ans1: ""[\""a1\"",\""a2\"",\""a3\"",\""a4\"",\""a5\"",\""a6\"",\""a7\""],[\""h1\"",\""h2\"",\""h3\"",\""h4\"",\""h5\"",\""h6\"",\""h7\""]"" [score]; prt1: [RUNTIME_FV_ERROR] # = 0 | apply: second argument must be a list; found: a2[2][1][1]   |intersection: argument must be a set; found: a2[2][1][1]|intersection: argument must be a set; found: a2[2][2][1] | prt1-1-F | prt1-2-F | prt1-3-F | prt1-4-F | prt1-5-F | prt1-6-F | prt1-7-F | prt1-8-F",Project C,False,False
id_17096534,Castro,Ronald,r.castro@student.example.com,Finished,30 July 2025  2:34 PM,30 July 2025  2:37 PM,3 mins 5 secs,100.0,"   \({\left[ \text{a4} , \text{h5} , \text{a2} , \text{a5} , \text{a3} , \text{h2} , \text{h3} , \text{h4} \right]}\)         ","Seed: 195320; ans1: ""{\""used\"":[[[\""a4\"",\""a3\"",\""a5\"",\""a2\""]],[[\""h5\"",\""h2\"",\""h3\"",\""h4\""]]],\""available\"":[]}"" [score]; prt1: # = 1 | prt1-1-T | prt1-5-T","Seed: 195320; ans1: ""[\""a1\"",\""a2\"",\""a3\"",\""a4\"",\""a5\"",\""a6\"",\""a7\""],[\""h1\"",\""h2\"",\""h3\"",\""h4\"",\""h5\"",\""h6\"",\""h7\""]"" [score]; prt1: [RUNTIME_FV_ERROR] # = 0 | apply: second argument must be a list; found: a2[2][1][1]   |intersection: argument must be a set; found: a2[2][1][1]|intersection: argument must be a set; found: a2[2][2][1] | prt1-1-F | prt1-2-F | prt1-3-F | prt1-4-F | prt1-5-F | prt1-6-F | prt1-7-F | prt1-8-F",Project A,True,True
id_30846586,Scott,Jeffrey,j.scott@student.example.com,Finished,30 July 2025  2:42 PM,30 July 2025  2:44 PM,2 mins 2 secs,93.75,"   \({\left[ \text{h4} , \text{a2} , \text{h3} , \text{h1} , \text{a1} , \text{a4} , \text{a3} , \text{h2} \right]}\)         ","Seed: 662949; ans1: ""{\""used\"":[[[\""a1\"",\""a2\"",\""a4\"",\""a3\"",\""h1\""]],[[\""h3\"",\""h4\"",\""h2\""]]],\""available\"":[]}"" [score]; prt1: # = 0.875 | prt1-1-T | prt1-5-F | prt1-6-T","Seed: 662949; ans1: ""[\""a1\"",\""a2\"",\""a3\"",\""a4\"",\""a5\"",\""a6\"",\""a7\""],[\""h1\"",\""h2\"",\""h3\"",\""h4\"",\""h5\"",\""h6\"",\""h7\""]"" [score]; prt1: [RUNTIME_FV_ERROR] # = 0 | apply: second argument must be a list; found: a2[2][1][1]   |intersection: argument must be a set; found: a2[2][1][1]|intersection: argument must be a set; found: a2[2][2][1] | prt1-1-F | prt1-2-F | prt1-3-F | prt1-4-F | prt1-5-F | prt1-6-F | prt1-7-F | prt1-8-F",Project A,True,True
id_41352676,Wilson,Christine,c.wilson@student.example.com,Finished,30 July 2025  3:29 PM,30 July 2025  3:30 PM,1 min 18 secs,100.0,"   \({\left[ \text{h2} , \text{a2} , \text{a5} , \text{h5} , \text{h7} , \text{a6} , \text{h6} , \text{a7} \right]}\)         ","Seed: 198633; ans1: ""{\""used\"":[[[\""a2\"",\""a5\"",\""a6\"",\""a7\""]],[[\""h2\"",\""h7\"",\""h6\"",\""h5\""]]],\""available\"":[]}"" [score]; prt1: # = 1 | prt1-1-T | prt1-5-T","Seed: 198633; ans1: ""[\""a1\"",\""a2\"",\""a3\"",\""a4\"",\""a5\"",\""a6\"",\""a7\""],[\""h1\"",\""h2\"",\""h3\"",\""h4\"",\""h5\"",\""h6\"",\""h7\""]"" [score]; prt1: [RUNTIME_FV_ERROR] # = 0 | apply: second argument must be a list; found: a2[2][1][1]   |intersection: argument must be a set; found: a2[2][1][1]|intersection: argument must be a set; found: a2[2][2][1] | prt1-1-F | prt1-2-F | prt1-3-F | prt1-4-F | prt1-5-F | prt1-6-F | prt1-7-F | prt1-8-F",Project C,False,False
id_87923109,Castaneda,Lauren,l.castaneda@student.example.com,Finished,30 July 2025  3:46 PM,30 July 2025  3:51 PM,4 mins 52 secs,100.0,"   \({\left[ \text{h6} , \text{a1} , \text{h1} , \text{h7} , \text{a7} , \text{h3} , \text{a6} , \text{a3} \right]}\)         ","Seed: 988627; ans1: ""{\""used\"":[[[\""a1\"",\""a7\"",\""a6\"",\""a3\""]],[[\""h3\"",\""h6\"",\""h1\"",\""h7\""]]],\""available\"":[]}"" [score]; prt1: # = 1 | prt1-1-T | prt1-5-T","Seed: 988627; ans1: ""[\""a1\"",\""a2\"",\""a3\"",\""a4\"",\""a5\"",\""a6\"",\""a7\""],[\""h1\"",\""h2\"",\""h3\"",\""h4\"",\""h5\"",\""h6\"",\""h7\""]"" [score]; prt1: [RUNTIME_FV_ERROR] # = 0 | apply: second argument must be a list; found: a2[2][1][1]   |intersection: argument must be a set; found: a2[2][1][1]|intersection: argument must be a set; found: a2[2][2][1] | prt1-1-F | prt1-2-F | prt1-3-F | prt1-4-F | prt1-5-F | prt1-6-F | prt1-7-F | prt1-8-F",Project C,False,False
id_87345354,George,Christine,c.george@student.example.com,Finished,30 July 2025  3:51 PM,30 July 2025  3:56 PM,4 mins 41 secs,100.0,"   \({\left[ \text{h7} , \text{h1} , \text{a7} , \text{a6} , \text{a5} , \text{h5} , \text{h6} , \text{a1} \right]}\)         ","Seed: 545493; ans1: ""{\""used\"":[[[\""a7\"",\""a1\"",\""a5\"",\""a6\""]],[[\""h7\"",\""h1\"",\""h5\"",\""h6\""]]],\""available\"":[]}"" [score]; prt1: # = 1 | prt1-1-T | prt1-5-T","Seed: 545493; ans1: ""[\""a1\"",\""a2\"",\""a3\"",\""a4\"",\""a5\"",\""a6\"",\""a7\""],[\""h1\"",\""h2\"",\""h3\"",\""h4\"",\""h5\"",\""h6\"",\""h7\""]"" [score]; prt1: [RUNTIME_FV_ERROR] # = 0 | apply: second argument must be a list; found: a2[2][1][1]   |intersection: argument must be a set; found: a2[2][1][1]|intersection: argument must be a set; found: a2[2][2][1] | prt1-1-F | prt1-2-F | prt1-3-F | prt1-4-F | prt1-5-F | prt1-6-F | prt1-7-F | prt1-8-F",Project C,False,False
id_19967695,Jones,Crystal,c.jones@student.example.com,Finished,30 July 2025  4:00 PM,30 July 2025  4:03 PM,3 mins 14 secs,100.0,"   \({\left[ \text{h2} , \text{h6} , \text{h3} , \text{a6} , \text{a2} , \text{a1} , \text{a3} , \text{h1} \right]}\)         ","Seed: 827352; ans1: ""{\""used\"":[[[\""a6\"",\""a2\"",\""a1\"",\""a3\""]],[[\""h2\"",\""h6\"",\""h3\"",\""h1\""]]],\""available\"":[]}"" [score]; prt1: # = 1 | prt1-1-T | prt1-5-T","Seed: 827352; ans1: ""[\""a1\"",\""a2\"",\""a3\"",\""a4\"",\""a5\"",\""a6\"",\""a7\""],[\""h1\"",\""h2\"",\""h3\"",\""h4\"",\""h5\"",\""h6\"",\""h7\""]"" [score]; prt1: [RUNTIME_FV_ERROR] # = 0 | apply: second argument must be a list; found: a2[2][1][1]   |intersection: argument must be a set; found: a2[2][1][1]|intersection: argument must be a set; found: a2[2][2][1] | prt1-1-F | prt1-2-F | prt1-3-F | prt1-4-F | prt1-5-F | prt1-6-F | prt1-7-F | prt1-8-F",Project B,False,False
id_43110593,Oliver,Denise,d.oliver@student.example.com,Finished,30 July 2025  4:20 PM,30 July 2025  4:28 PM,8 mins 6 secs,100.0,"   \({\left[ \text{a2} , \text{h1} , \text{h7} , \text{a1} , \text{h5} , \text{a7} , \text{a5} , \text{h2} \right]}\)         ","Seed: 996277; ans1: ""{\""used\"":[[[\""a2\"",\""a7\"",\""a5\"",\""a1\""]],[[\""h2\"",\""h7\"",\""h5\"",\""h1\""]]],\""available\"":[]}"" [score]; prt1: # = 1 | prt1-1-T | prt1-5-T","Seed: 996277; ans1: ""[\""a1\"",\""a2\"",\""a3\"",\""a4\"",\""a5\"",\""a6\"",\""a7\""],[\""h1\"",\""h2\"",\""h3\"",\""h4\"",\""h5\"",\""h6\"",\""h7\""]"" [score]; prt1: [RUNTIME_FV_ERROR] # = 0 | apply: second argument must be a list; found: a2[2][1][1]   |intersection: argument must be a set; found: a2[2][1][1]|intersection: argument must be a set; found: a2[2][2][1] | prt1-1-F | prt1-2-F | prt1-3-F | prt1-4-F | prt1-5-F | prt1-6-F | prt1-7-F | prt1-8-F",Project A,True,True
id_56018539,Johnson,David,d.johnson@student.example.com,Finished,30 July 2025  4:39 PM,30 July 2025  4:42 PM,2 mins 35 secs,100.0,"   \({\left[ \text{h6} , \text{h3} , \text{a7} , \text{a3} , \text{h1} , \text{h7} , \text{a1} , \text{a6} \right]}\)         ","Seed: 690629; ans1: ""{\""used\"":[[[\""a6\"",\""a7\"",\""a1\"",\""a3\""]],[[\""h3\"",\""h1\"",\""h6\"",\""h7\""]]],\""available\"":[]}"" [score]; prt1: # = 1 | prt1-1-T | prt1-5-T","Seed: 690629; ans1: ""[\""a1\"",\""a2\"",\""a3\"",\""a4\"",\""a5\"",\""a6\"",\""a7\""],[\""h1\"",\""h2\"",\""h3\"",\""h4\"",\""h5\"",\""h6\"",\""h7\""]"" [score]; prt1: [RUNTIME_FV_ERROR] # = 0 | apply: second argument must be a list; found: a2[2][1][1]   |intersection: argument must be a set; found: a2[2][1][1]|intersection: argument must be a set; found: a2[2][2][1] | prt1-1-F | prt1-2-F | prt1-3-F | prt1-4-F | prt1-5-F | prt1-6-F | prt1-7-F | prt1-8-F",Project C,False,False
id_68343740,Park,Thomas,t.park@student.example.com,Finished,31 July 2025  12:57 PM,1 August 2025  2:29 PM,1 day 1 hour,100.0,"   \({\left[ \text{a4} , \text{h4} , \text{h2} , \text{h1} , \text{a1} , \text{h7} , \text{a2} , \text{a7} \right]}\)         ","Seed: 187024; ans1: ""{\""used\"":[[[\""a4\"",\""a1\"",\""a2\"",\""a7\""]],[[\""h4\"",\""h1\"",\""h2\"",\""h7\""]]],\""available\"":[]}"" [score]; prt1: # = 1 | prt1-1-T | prt1-5-T","Seed: 187024; ans1: ""[\""a1\"",\""a2\"",\""a3\"",\""a4\"",\""a5\"",\""a6\"",\""a7\""],[\""h1\"",\""h2\"",\""h3\"",\""h4\"",\""h5\"",\""h6\"",\""h7\""]"" [score]; prt1: [RUNTIME_FV_ERROR] # = 0 | apply: second argument must be a list; found: a2[2][1][1]   |intersection: argument must be a set; found: a2[2][1][1]|intersection: argument must be a set; found: a2[2][2][1] | prt1-1-F | prt1-2-F | prt1-3-F | prt1-4-F | prt1-5-F | prt1-6-F | prt1-7-F | prt1-8-F",Project A,True,True
